file,jp,romaji,arti,muncul,sumber
"f4280c51.mp3","いただきます！","itadakimasu!","Selamat makan!","11","public/js/data.js"
"450192aa.mp3","かしこまりました。","kashikomarimashita.","Baik.","7","public/js/konbini.js"
"731ac0fc.mp3","ありがとう！","arigatou!","Terima kasih!","6","public/js/data.js"
"8927e653.mp3","いらっしゃいませ！","irasshaimase!","Selamat datang!","6","public/js/data.js"
"a733ac6e.mp3","おやすみ！","oyasumi!","Selamat tidur!","6","public/js/data.js"
"e30e2a5f.mp3","いいえ。","iie.","Tidak.","5","public/js/data.js"
"3a60b751.mp3","ごちそうさま！","gochisousama!","Terima kasih atas makanannya!","5","public/js/data2.js"
"cb2d0a24.mp3","ごちそうさまでした！","gochisousama deshita!","Terima kasih atas makanannya!","5","public/js/data.js"
"041b131d.mp3","パン","pan","roti","5","public/js/data4.js"
"f24fa88f.mp3","おはよう！","ohayou!","Selamat pagi!","4","public/js/data.js"
"dd39a85c.mp3","がんばって！","ganbatte!","Semangat!","4","public/js/data.js"
"ca5fc7f7.mp3","ケーキ","keeki","kue","4","public/js/data2.js"
"65d57d9e.mp3","アイス","aisu","es krim","3","public/js/data2.js"
"eff50e98.mp3","いただきます。","itadakimasu.","Selamat makan.","3","public/js/data.js"
"ba7dd6d3.mp3","いってきます！","ittekimasu!","","3","public/js/data2.js"
"ec8e37bb.mp3","いま なんじ？","ima nanji?","Sekarang jam berapa?","3","public/js/data.js"
"79607d32.mp3","うみ","umi","Laut / pantai","3","public/js/data4.js"
"2fdd4f73.mp3","おいしい！","oishii!","Enak!","3","public/js/data.js"
"43ee506f.mp3","おかし","okashi","Camilan / permen","3","public/js/data.js"
"d3141733.mp3","かっこいい！","kakkoii!","Keren!","3","public/js/data2.js"
"0c2c51f1.mp3","ゲーム","geemu","gim","3","public/js/data4.js"
"e461ee2c.mp3","コーヒー","koohii","kopi","3","public/js/places.js"
"a0f6a475.mp3","ごはん","gohan","nasi / makan","3","public/js/data4.js"
"8cec3aa2.mp3","しけん","shiken","Ujian","3","public/js/data.js"
"9ad9d967.mp3","ただいま！","tadaima!","","3","public/js/data2.js"
"b9a6fe02.mp3","のみもの","nomimono","Minuman dingin","3","public/js/konbini.js"
"066d4e46.mp3","はい、おねがいします。","hai, onegaishimasu.","Ya, tolong.","3","public/js/data2.js"
"798a3dd7.mp3","やま","yama","gunung","3","public/js/data.js"
"20ea4e85.mp3","あちら です。","achira desu.","Di sebelah sana.","2","public/js/data2.js"
"74eaf2b5.mp3","ありがとう。","arigatou.","Terima kasih.","2","src/story/scenes.ts"
"318b4166.mp3","ありがとうございました！","arigatou gozaimashita!","Terima kasih banyak!","2","public/js/places.js"
"887f95ae.mp3","いい てんき ですね。","ii tenki desu ne.","Cuacanya bagus, ya.","2","public/js/data.js"
"c5fa2775.mp3","いいえ、だいじょうぶ です。","iie, daijoubu desu.","","2","public/js/data2.js"
"842dc472.mp3","いちば","ichiba","pasar","2","public/js/data4.js"
"e0e0d31f.mp3","いっしょに やろう！","issho ni yarou!","Ayo main bersama!","2","public/js/data2.js"
"7c837f87.mp3","いってらっしゃい！","itterasshai!","Hati-hati di jalan!","2","public/js/data2.js"
"8c5c1ded.mp3","いぬ","inu","anjing","2","public/js/data.js"
"3d96746e.mp3","いらない。","iranai.","","2","public/js/data2.js"
"158c7a3d.mp3","いりません。","irimasen.","","2","public/js/data2.js"
"6996dec4.mp3","えんぴつ","enpitsu","pensil","2","public/js/data4.js"
"703523aa.mp3","おにぎり","onigiri","nasi kepal","2","public/js/extras.js"
"3ee6c5db.mp3","おべんとう","obentou","bekal nasi","2","public/js/konbini.js"
"c985506e.mp3","おやすみ なさい。","oyasumi nasai.","Selamat tidur.","2","public/js/data2.js"
"5a49c2e2.mp3","かぜ","kaze","angin","2","public/js/data4.js"
"4ff0970b.mp3","かたつむり","katatsumuri","siput","2","public/js/data4.js"
"d56768e0.mp3","かっこいい","kakkoii","Keren","2","public/js/data2.js"
"eb2abea7.mp3","かばん","kaban","tas","2","public/js/data4.js"
"894879df.mp3","かわ","kawa","sungai","2","public/js/data.js"
"adb35aba.mp3","かわいい！","kawaii!","Lucu!","2","public/js/data2.js"
"65d86b3b.mp3","きたない。","kitanai.","","2","public/js/data2.js"
"cc771acc.mp3","きを つけて ね。","ki o tsukete ne.","Hati-hati, ya.","2","public/js/data.js"
"6ef97f29.mp3","コーヒーぎゅうにゅう","koohii gyuunyuu","susu kopi","2","public/js/places2.js"
"b45f1809.mp3","コーラ","koora","cola","2","public/js/data2.js"
"cbaa5953.mp3","ココア","kokoa","cokelat panas","2","public/js/data2.js"
"641e8f6c.mp3","ごめんね。","gomen ne.","Maaf, ya.","2","public/js/data.js"
"155385dd.mp3","これ は いくら です か？","kore wa ikura desu ka?","Ini berapa harganya?","2","public/js/data4.js"
"de4f28e4.mp3","これ は なん ですか？","kore wa nan desu ka?","","2","public/js/data2.js"
"6bbf959a.mp3","こんにちは。","konnichiwa.","Selamat siang.","2","public/js/data.js"
"b89299c4.mp3","サンドイッチ","sandoicchi","sandwich","2","public/js/konbini.js"
"1cbbf615.mp3","ジュース","juusu","jus","2","public/js/places.js"
"b523893a.mp3","じょうず ね！","jouzu ne!","Pintar, ya!","2","src/story/scenes.ts"
"cc41d923.mp3","しらない。","shiranai.","","2","public/js/data2.js"
"430110c5.mp3","ぞう","zou","gajah","2","public/js/data4.js"
"92fdbd1e.mp3","たい","~tai","Ingin … (tabetai = ingin makan)","2","public/js/data2.js"
"a5fddb07.mp3","たこ","tako","gurita","2","public/js/data.js"
"e5c65abd.mp3","たべたい！","tabetai!","","2","public/js/data2.js"
"9ce504c2.mp3","ちず","chizu","peta","2","public/js/data4.js"
"97aec634.mp3","ちょっと…","chotto…","Agak… (cara halus menolak)","2","public/js/data2.js"
"e3255799.mp3","て","te","tangan","2","public/js/data.js"
"ca27fb79.mp3","デパート","depaato","department store","2","public/js/data4.js"
"23388932.mp3","ドア","doa","pintu","2","public/js/data4.js"
"9d9ebd1f.mp3","トイレ","toire","toilet","2","public/js/data2.js"
"9dee00b1.mp3","ねこ","neko","kucing","2","public/js/data.js"
"82974a36.mp3","はい、どうぞ。","hai, douzo.","Ini, silakan.","2","public/js/konbini.js"
"b56fec93.mp3","はじめまして！","hajimemashite!","Senang berkenalan!","2","public/js/data.js"
"1094f2c4.mp3","パフェ","pafe","parfait","2","public/js/places.js"
"d5d74883.mp3","ひゃくごじゅう えん です。","hyaku gojuu en desu.","150 yen. (Kamu membayar 🌸10 poin)","2","public/js/places.js"
"d15b3746.mp3","ふくろ は いりますか？","fukuro wa irimasu ka?","Perlu kantong plastik?","2","public/js/data2.js"
"7b84bb05.mp3","プリン","purin","puding","2","public/js/extras.js"
"5e9f6fae.mp3","ほんとう に きれい！","hontou ni kirei!","","2","public/js/data3.js"
"6f33e4db.mp3","まずい…","mazui…","","2","public/js/data.js"
"5bb83700.mp3","まち","machi","kota","2","public/js/data.js"
"63b84398.mp3","まど","mado","jendela","2","public/js/data4.js"
"ae36daf4.mp3","みそラーメン","miso raamen","ramen miso","2","public/js/places.js"
"337cec50.mp3","ミルク","miruku","susu","2","public/js/data2.js"
"8424c20c.mp3","め","me","mata","2","public/js/data.js"
"2032ee57.mp3","めがね","megane","kacamata","2","public/js/data4.js"
"201979d3.mp3","メロンソーダ","meron sooda","melon soda","2","public/js/data4.js"
"0f59f973.mp3","もちろん！","mochiron!","","2","public/js/data2.js"
"5d49ad4d.mp3","よかった！","yokatta!","Syukurlah!","2","public/js/data.js"
"2f25cb5b.mp3","よく できました！","yoku dekimashita!","Bagus sekali!","2","public/js/places2.js"
"431e91f4.mp3","よし、がんばろう！","yoshi, ganbarou!","","2","public/js/data2.js"
"57d728ce.mp3","よろしく ね！","yoroshiku ne!","Salam kenal!","2","public/js/online.js"
"e40e68e9.mp3","わかりません。","wakarimasen.","","2","public/js/data.js"
"13e42917.mp3","わたし に できる こと ある？","watashi ni dekiru koto aru?","Ada yang bisa kubantu?","2","public/js/data4.js"
"9724dff5.mp3","を","~o","Partikel penanda objek","2","public/js/data.js"
"81c51112.mp3","…インドネシア から か。","…Indoneshia kara ka.","…Dari Indonesia, ya.","1","src/story/scenes.ts"
"579c0947.mp3","…かわらない な、この みせ は。","…kawaranai na, kono mise wa.","…Kafe ini tidak berubah, ya.","1","src/story/scenes3.ts"
"30605d9f.mp3","…さとう の にわ に いた の か。","…Satou no niwa ni ita no ka.","…Dia ada di taman Sato, ya.","1","src/story/scenes.ts"
"43c30ef4.mp3","…そう。","…sou.","…Begitu.","1","src/story/scenes.ts"
"8c274cbe.mp3","…デウィ？","…Dewi?","…Dewi?","1","src/story/scenes.ts"
"3d508231.mp3","♪ さくら の した で まってる よ…","sakura no shita de matteru yo…","♪ Aku menunggu di bawah sakura…","1","src/story/scenes.ts"
"c7252b85.mp3","あ","a","","1","public/js/data.js"
"a724f925.mp3","ア","a","","1","public/js/data2.js"
"e5b1a2d7.mp3","あ！こんにちは！また あいました ね！","a! konnichiwa! mata aimashita ne!","Ah! Halo! Kita bertemu lagi!","1","src/story/scenes3.ts"
"610a3e67.mp3","あ！ほん を かいに きた の？","a! hon wo kai ni kita no?","Eh! Mau beli buku?","1","public/js/places.js"
"406ab0d3.mp3","あい","ai","cinta","1","public/js/data.js"
"8b304c3a.mp3","アイデア","aidea","Ide","1","public/js/data2.js"
"4e6ac6dd.mp3","あお","ao","biru","1","public/js/data.js"
"dea7ad35.mp3","あおい いえ。","aoi ie.","Rumah yang biru.","1","public/js/relax.js"
"eacd725f.mp3","あおい そら。","aoi sora.","Langit yang biru.","1","public/js/relax.js"
"ed5fc50a.mp3","あかい","akai","merah","1","public/js/data.js"
"8b12a18e.mp3","あきかん","akikan","kaleng kosong (sampah!)","1","public/js/relax.js"
"de318dc1.mp3","あげる！","ageru!","Buat kakak!","1","src/story/scenes.ts"
"4f6ac870.mp3","あさ","asa","pagi","1","public/js/data.js"
"1644d487.mp3","あさいち","asaichi","Pasar pagi","1","public/js/data4.js"
"c4273698.mp3","あさごはん、できた よ。","asagohan, dekita yo.","Sarapan sudah siap.","1","public/js/data2.js"
"516acb96.mp3","あし","ashi","kaki","1","public/js/data.js"
"5c6adce7.mp3","あじ","aji","ikan kembung","1","public/js/places.js"
"5e257776.mp3","あじさい","ajisai","bunga ajisai","1","public/js/data4.js"
"943f2a48.mp3","あじさい、きれい でしょう？","ajisai, kirei deshou?","Ajisai indah, kan?","1","public/js/data4.js"
"3be4535a.mp3","あじさい、きれい…","ajisai, kirei…","Ajisai, indah…","1","public/js/data4.js"
"a0fd3f1c.mp3","あした は テスト だよ。べんきょう した？","ashita wa tesuto da yo. benkyou shita?","Besok ulangan, lho. Sudah belajar?","1","public/js/data2.js"
"93f3c8dc.mp3","あした、がっこう。","ashita, gakkou.","Besok sekolah.","1","src/story/scenes.ts"
"4fb6cbe6.mp3","あした、テスト だよ！","ashita, tesuto da yo!","Besok ada ulangan, lho!","1","public/js/relax.js"
"3b693a30.mp3","あしゆ","ashiyu","Pemandian kaki gratis. Kamu merendam kaki… あし (kaki) + ゆ (air panas).","1","public/js/places2.js"
"60c7b05a.mp3","あそこ です！","asoko desu!","","1","public/js/data3.js"
"134bb5f0.mp3","あたま","atama","kepala","1","public/js/data.js"
"c0ba06cf.mp3","あたらしい / ふるい","atarashii / furui","Baru / lama","1","public/js/data2.js"
"e63113ff.mp3","あちら","achira","Sebelah sana (sopan)","1","public/js/data2.js"
"c889b37b.mp3","あつい / さむい","atsui / samui","Panas / dingin","1","public/js/data.js"
"fd3274ff.mp3","あっち いけ！","acchi ike!","","1","public/js/game.js"
"6c6af617.mp3","あと","ato ~","Tinggal … lagi","1","public/js/data2.js"
"341b0546.mp3","あなた","anata","kamu","1","public/js/data.js"
"9f147911.mp3","アニメ","anime","anime","1","public/js/data2.js"
"c5f89b60.mp3","あの… すこし てつだって くれる？","ano… sukoshi tetsudatte kureru?","Anu… bisa bantu sedikit?","1","src/story/scenes3.ts"
"96667296.mp3","あまい / からい","amai / karai","Manis / pedas","1","public/js/data2.js"
"a94e8df0.mp3","あまくて おいしい！","amakute oishii!","","1","public/js/data2.js"
"22976031.mp3","あめ が すき！","ame ga suki!","","1","public/js/data4.js"
"eb9321ca.mp3","あめ、ずっと ふって いる ね…","ame, zutto futte iru ne…","Hujannya turun terus, ya…","1","public/js/data4.js"
"995430bb.mp3","アメリカ","amerika","Amerika","1","public/js/data2.js"
"826985b9.mp3","あゆ","ayu","ikan ayu","1","public/js/relax.js"
"da86d63d.mp3","ありがとう ございました","arigatou gozaimashita","Terima kasih banyak (setelah transaksi)","1","public/js/data4.js"
"3d32e974.mp3","ありがとう ございました！","arigatou gozaimashita!","Terima kasih banyak!","1","public/js/data2.js"
"5cb7f0ba.mp3","ありがとう ございます","arigatou gozaimasu","Terima kasih (sopan)","1","public/js/data.js"
"144846a4.mp3","ありがとう、せんせい！","arigatou, sensei!","Terima kasih, guru!","1","public/js/game.js"
"66cfde72.mp3","ありがとう！いちばん さいしょ の ファン だね！","arigatou! ichiban saisho no fan da ne!","Makasih! Kamu penggemar pertamaku!","1","public/js/data2.js"
"2e87272c.mp3","ありがとう！うれしい！","arigatou! ureshii!","","1","public/js/data3.js"
"b8994af3.mp3","ありがとう！がんばる！","arigatou! ganbaru!","Makasih! Aku akan berjuang!","1","public/js/data.js"
"30537d21.mp3","ありがとう！にほんご、じょうず ですね！","arigatou! nihongo, jouzu desu ne!","Terima kasih! Bahasa Jepangmu pandai, ya!","1","public/js/data3.js"
"a4457587.mp3","ありがとう！みんなの おかげ です。","arigatou! minna no okage desu.","","1","public/js/data.js"
"42bcd4db.mp3","ありがとう！やさしい ね。","arigatou! yasashii ne.","Makasih! Kamu baik, ya.","1","public/js/data4.js"
"de847a8e.mp3","ありがとう。きみ が いて よかった。","arigatou. kimi ga ite yokatta.","Makasih. Untung ada kamu.","1","src/story/scenes.ts"
"6691030c.mp3","ありがとうございました！また おこし ください！","arigatou gozaimashita! mata okoshi kudasai!","Terima kasih! Silakan datang lagi!","1","public/js/konbini.js"
"4ffb347a.mp3","ありがとうございます。","arigatou gozaimasu.","Terima kasih (ramah lingkungan!).","1","public/js/konbini.js"
"bbe98a8f.mp3","あんない する よ！","annai suru yo!","","1","public/js/data2.js"
"c292f38e.mp3","あんパン","anpan","roti kacang merah","1","public/js/konbini.js"
"c1252213.mp3","い","i","","1","public/js/data.js"
"a124efb3.mp3","イ","i","","1","public/js/data2.js"
"39a4d4ad.mp3","いい の？ありがとう！","ii no? arigatou!","Boleh? Makasih!","1","public/js/data2.js"
"b9b8d387.mp3","いいえ","iie","Tidak","1","public/js/data.js"
"33436cf1.mp3","いいえ、けっこう です。","iie, kekkou desu.","","1","public/js/data2.js"
"a253c293.mp3","いいえ。てを あわせる だけ。","iie. te wo awaseru dake.","","1","public/js/places2.js"
"674904eb.mp3","いいね！","ii ne!","","1","public/js/data2.js"
"b6fc82e2.mp3","いいね！こんど いっしょに やろう！","ii ne! kondo issho ni yarou!","Asyik! Lain kali main bareng, yuk!","1","public/js/data2.js"
"79b86ec7.mp3","いいよ","ii yo","Boleh / oke","1","public/js/data.js"
"638d7ab2.mp3","いいよ！","ii yo!","","1","public/js/data.js"
"685be541.mp3","いえ","ie","rumah","1","public/js/data.js"
"bb0a21c2.mp3","いえ で ねる…","ie de neru…","","1","public/js/data2.js"
"856540b3.mp3","いえ の うえ。","ie no ue.","Di atas rumah.","1","public/js/relax.js"
"ded97dfa.mp3","いえいえ、まだ まだ です。","ie ie, mada mada desu.","","1","public/js/data3.js"
"655be088.mp3","いか","ika","cumi","1","public/js/places2.js"
"50b5464f.mp3","いくよ！","iku yo!","Aku oper, ya!","1","public/js/data3.js"
"38927467.mp3","いくら","ikura","telur ikan salmon","1","public/js/places2.js"
"481b3914.mp3","いくら です か","ikura desu ka","Berapa harganya?","1","public/js/data4.js"
"e920a6b2.mp3","いくら ですか","ikura desu ka","Berapa harganya?","1","public/js/data2.js"
"4f5bbde6.mp3","いけ","ike","kolam","1","public/js/data.js"
"55fabb89.mp3","いこう！","ikou!","","1","public/js/data2.js"
"82615578.mp3","いしやきいも！","ishiyakiimo~!","Ubi bakar batu~!","1","public/js/places.js"
"575bca7e.mp3","いす","isu","kursi","1","public/js/data.js"
"bde0060a.mp3","いただきます","itadakimasu","Diucapkan sebelum makan","1","public/js/data.js"
"0238580c.mp3","いたっ！","ita!","Aduh!","1","public/js/data.js"
"d6a0b4cc.mp3","いち・に・さん・し・ご","ichi, ni, san, shi, go","1, 2, 3, 4, 5","1","public/js/data4.js"
"443998f8.mp3","いち、に、さん… かたつむり！","ichi, ni, san… katatsumuri!","Satu, dua, tiga… siput!","1","public/js/data4.js"
"1735f9e4.mp3","いち、に、さん… みずたまり だらけ！","ichi, ni, san… mizutamari darake!","Satu, dua, tiga… genangan di mana-mana!","1","public/js/data4.js"
"0ec56eed.mp3","いちごミルク","ichigo miruku","susu stroberi","1","public/js/konbini.js"
"448fea83.mp3","いちば に きて ください！","ichiba ni kite kudasai!","Silakan datang ke pasar!","1","public/js/data4.js"
"2b5d2157.mp3","いちばんせん です。","ichibansen desu.","Peron nomor 1.","1","public/js/places.js"
"2474f2cd.mp3","いっしょに あそぼう！","issho ni asobou!","Ayo main bersama!","1","public/js/online.js"
"68b5f859.mp3","いっしょに いこう！","issho ni ikou!","","1","public/js/data2.js"
"13a2c3e9.mp3","いっしょに かんがえよう。","issho ni kangaeyou.","","1","public/js/data2.js"
"19357183.mp3","いっしょに たべよう","issho ni tabeyou","Ayo makan bersama","1","public/js/data.js"
"314f56a6.mp3","いっしょに たべよう！","issho ni tabeyou!","Ayo makan bersama!","1","public/js/data.js"
"4dd69e74.mp3","いっしょに はいろう！","issho ni hairou!","","1","public/js/data3.js"
"71cb994d.mp3","いっしょに べんきょう しよう！","issho ni benkyou shiyou!","Ayo belajar bersama!","1","public/js/online.js"
"6f383394.mp3","いっしょに べんきょう しよう。","issho ni benkyou shiyou.","Ayo belajar bersama.","1","public/js/data2.js"
"8a510c9c.mp3","いぬ だ！","inu da!","","1","public/js/data3.js"
"e5cbe2cc.mp3","いぬ は した。","inu wa shita.","Anjingnya di bawah.","1","public/js/relax.js"
"74592976.mp3","いぬ も いる。","inu mo iru.","Ada juga seekor anjing.","1","public/js/relax.js"
"8b5c1c5a.mp3","いね","ine","","1","public/js/places2.js"
"7cdd164e.mp3","いま どこ？","ima doko?","","1","public/js/data.js"
"9355262d.mp3","いや だ。","iya da.","","1","public/js/data2.js"
"fe455fca.mp3","いやだ！","iya da!","","1","public/js/data3.js"
"90558017.mp3","いよいよ しけん だね。","iyoiyo shiken da ne.","Akhirnya ujian, ya.","1","public/js/data.js"
"c8968559.mp3","いよいよ ぶんかさい！でも その まえ に しけん…","iyoiyo bunkasai! demo sono mae ni shiken…","Akhirnya festival! Tapi sebelumnya ujian…","1","public/js/data2.js"
"f6474fb2.mp3","いらっしゃい！おいしい よ！","irasshai! oishii yo!","Silakan! Enak, lho!","1","public/js/game.js"
"97c7c8bb.mp3","いらっしゃい！ここ は わたし の いえ の カフェ。","irasshai! koko wa watashi no ie no kafe.","Selamat datang! Ini kafe keluargaku.","1","public/js/places.js"
"89c9caa0.mp3","いらっしゃい！やきいも だよ！","irasshai! yakiimo da yo!","Silakan! Ada ubi bakar!","1","public/js/relax.js"
"2dea7f40.mp3","いらっしゃいませ","irasshaimase","Selamat datang (toko)","1","public/js/data2.js"
"ba658638.mp3","いらっしゃいませ！アイス は いかが ですか？","irasshaimase! aisu wa ikaga desu ka?","Selamat datang! Mau es krim?","1","public/js/data2.js"
"bfcb4b58.mp3","いらっしゃいませ！カフェ ハナミズキ です！","irasshaimase! kafe hanamizuki desu!","Selamat datang! Kafe Hanamizuki!","1","public/js/data4.js"
"4fc75f58.mp3","いらっしゃいませ！きょう から オープン です！","irasshaimase! kyou kara oopun desu!","Selamat datang! Mulai hari ini kami buka!","1","public/js/data2.js"
"89dac4e6.mp3","いらっしゃいませ。","irasshaimase.","Selamat datang.","1","public/js/konbini.js"
"2c568c21.mp3","いらっしゃいませ。…あら、ハナ の ともだち？","irasshaimase. …ara, Hana no tomodachi?","Selamat datang. …Oh, teman Hana?","1","src/story/scenes.ts"
"62e92309.mp3","いらっしゃいませ。ごちゅうもん は？","irasshaimase. gochuumon wa?","Selamat datang. Mau pesan apa?","1","public/js/places.js"
"b73c4823.mp3","いらっしゃいませ。この ほん、おすすめ です。","irasshaimase. kono hon, osusume desu.","Selamat datang. Buku ini rekomendasi kami.","1","public/js/places.js"
"a724d1b6.mp3","いらっしゃいませ。デパート へ ようこそ。","irasshaimase. depaato e youkoso.","Selamat datang di department store.","1","public/js/places2.js"
"7548e34c.mp3","いらっしゃいませ。どうしましたか？","irasshaimase. dou shimashita ka?","Selamat datang. Ada yang bisa dibantu?","1","public/js/places.js"
"91be0da8.mp3","いらっしゃいませ。なにいろ が いい ですか？","irasshaimase. nani iro ga ii desu ka?","Selamat datang. Mau warna apa?","1","public/js/places2.js"
"84b1b663.mp3","いらっしゃいませ。なんめいさま ですか？","irasshaimase. nanmei-sama desu ka?","Selamat datang. Untuk berapa orang?","1","public/js/places2.js"
"9a9730da.mp3","いわな","iwana","ikan char","1","public/js/relax.js"
"5d23bcd3.mp3","インドネシア の たべもの、なに が おいしい？","indoneshia no tabemono, nani ga oishii?","Makanan Indonesia apa yang enak?","1","public/js/data2.js"
"9ea74056.mp3","インドネシアから きました。","indoneshia kara kimashita.","","1","public/js/data.js"
"c3252539.mp3","う","u","","1","public/js/data.js"
"a324f2d9.mp3","ウ","u","","1","public/js/data2.js"
"a460c0e3.mp3","うえ","ue","atas","1","public/js/data.js"
"2ef81f7e.mp3","うさぎ","usagi","kelinci","1","public/js/relax.js"
"711edea5.mp3","うなぎ","unagi","belut","1","public/js/relax.js"
"95c2182a.mp3","うみ に いきます！","umi ni ikimasu!","Aku mau ke pantai!","1","public/js/places.js"
"547d6d37.mp3","うみ、きれい！","umi, kirei!","Lautnya indah!","1","public/js/places.js"
"b09d6c21.mp3","うみ、どう だった？","umi, dou datta?","Pantainya bagaimana?","1","public/js/data4.js"
"eb6130a8.mp3","うめ","ume","onigiri acar plum","1","public/js/konbini.js"
"5185f3d2.mp3","うるさい！","urusai!","","1","public/js/data3.js"
"50e91f3f.mp3","うるさい。","urusai.","","1","public/js/data3.js"
"3ecbfcf6.mp3","うん / はい","un / hai","Iya (santai / sopan)","1","public/js/data.js"
"19458b76.mp3","うん、がんばろう！","un, ganbarou!","","1","public/js/data.js"
"16922bb3.mp3","うん、きれい！","un, kirei!","","1","public/js/data2.js"
"4cfb3a06.mp3","うん、した！","un, shita!","","1","public/js/data2.js"
"c4dc7f87.mp3","うん、しよう！","un, shiyou!","","1","public/js/data2.js"
"8f40637e.mp3","うん、たべよう！","un, tabeyou!","","1","public/js/data.js"
"625a1276.mp3","うん！がんばろう！","un! ganbarou!","","1","public/js/data2.js"
"cd2534f7.mp3","え","e","","1","public/js/data.js"
"ad250297.mp3","エ","e","","1","public/js/data2.js"
"db608d33.mp3","え を かく こと！","e o kaku koto!","","1","public/js/data2.js"
"ab4670ce.mp3","えき","eki","stasiun","1","public/js/data.js"
"70a709a2.mp3","エコ です ね！","eko desu ne!","Ramah lingkungan, ya! (エコ = eco)","1","public/js/places.js"
"bf8dfe6a.mp3","エス","esu","","1","public/js/places2.js"
"75461bcc.mp3","えび","ebi","udang","1","public/js/places2.js"
"82094fb7.mp3","えへへ、ありがとう！","ehehe, arigatou!","Hehe, makasih!","1","public/js/data2.js"
"8f2db276.mp3","えへへ… うれしい。","ehehe… ureshii.","Hehe… aku senang.","1","public/js/data2.js"
"2c594cd5.mp3","えほん","ehon","buku bergambar","1","public/js/places.js"
"088e7155.mp3","エム","emu","","1","public/js/places2.js"
"93080ff8.mp3","えらい ね！ありがとう。","erai ne! arigatou.","Hebat! Terima kasih.","1","public/js/data3.js"
"0d8e7934.mp3","エル","eru","","1","public/js/places2.js"
"467d95d5.mp3","エレベーター は こちら です。うえ に まいります。","erebeetaa wa kochira desu. ue ni mairimasu.","Lift di sebelah sini. Naik ke atas.","1","public/js/places2.js"
"5545e96c.mp3","えん","~en","… yen","1","public/js/data2.js"
"cf25381d.mp3","お","o","","1","public/js/data.js"
"af2505bd.mp3","オ","o","","1","public/js/data2.js"
"9f6a6975.mp3","おいしい / まずい","oishii / mazui","Enak / tidak enak","1","public/js/data.js"
"0209b6ef.mp3","おいしい です！","oishii desu!","","1","public/js/data2.js"
"04238182.mp3","おいしい です。","oishii desu.","","1","public/js/data2.js"
"4ff9b40f.mp3","おいしい ね。","oishii ne.","Enak, ya.","1","public/js/relax.js"
"991f311c.mp3","おいしい はな！","oishii hana!","","1","public/js/data3.js"
"cdb1e9e0.mp3","おいしかった？","oishikatta?","","1","public/js/data2.js"
"f0fb46bc.mp3","おいで、ポチ！","oide, Pochi!","Sini, Pochi!","1","public/js/relax.js"
"8c192db9.mp3","おいで、モチ！","oide, Mochi!","","1","public/js/game.js"
"1879a716.mp3","おかあさん が いないの…","okaasan ga inai no…","Ibuku tidak ada…","1","public/js/data3.js"
"80115059.mp3","おかあさん、みて！","okaasan, mite!","Ibu, lihat!","1","public/js/relax.js"
"06659fad.mp3","おかあさん… どこ…？","okaasan… doko…?","Ibu… di mana…?","1","public/js/data3.js"
"88cd9ac1.mp3","おかいもの、たのめる？","okaimono, tanomeru?","Bisa minta tolong belanja?","1","public/js/game.js"
"e5279c47.mp3","おかえり！","okaeri!","Selamat datang kembali!","1","public/js/data2.js"
"121e20f8.mp3","おかし を たべる","okashi wo taberu","makan manisan dulu","1","public/js/places2.js"
"1dee149d.mp3","おかね","okane","uang","1","public/js/data.js"
"34752e1f.mp3","おじぎ を する","ojigi wo suru","membungkuk memberi salam","1","public/js/places2.js"
"0457d5f0.mp3","おじぞうさま","ojizou-sama","Patung jizo, pelindung anak-anak & pengelana. Ada dongeng かさじぞう: kakek memberi topi (かさ) kepada jizo di musim salju.","1","public/js/places2.js"
"1abab42a.mp3","おすすめ の たべもの は？","osusume no tabemono wa?","Makanan apa yang kamu rekomendasikan?","1","public/js/data3.js"
"984d9115.mp3","おちゃ","ocha","teh hijau","1","public/js/extras.js"
"727a3843.mp3","おちゃ を のむ","ocha wo nomu","minum tehnya","1","public/js/places2.js"
"c3e0285f.mp3","おつかれさま でした！","otsukaresama deshita!","","1","public/js/konbini.js"
"d5dd94e2.mp3","おつかれさま！","otsukaresama!","Terima kasih atas kerja kerasnya!","1","src/story/engine.ts"
"19460d63.mp3","おつり","otsuri","Uang kembalian","1","public/js/data4.js"
"0704c291.mp3","おつり は えん です","otsuri wa ~en desu","Kembaliannya ... yen","1","public/js/data4.js"
"5848af27.mp3","おでん","oden","oden","1","public/js/konbini.js"
"0afc8876.mp3","おなか が すいた。","onaka ga suita.","Perutku lapar.","1","public/js/relax.js"
"385e9cb3.mp3","おなか すいた ね。","onaka suita ne.","Lapar, ya.","1","public/js/relax.js"
"8ae82aaf.mp3","おなまえ は？","onamae wa?","","1","public/js/data3.js"
"c04ef2b9.mp3","おにぎり を たべる。","onigiri o taberu.","Aku makan onigiri.","1","public/js/relax.js"
"132adce9.mp3","おにぎり・おべんとう","","Nasi kepal & bekal","1","public/js/konbini.js"
"4fca6131.mp3","おにぎり！","onigiri!","","1","public/js/data3.js"
"4465d4f3.mp3","おはし","","","1","public/js/konbini.js"
"3125f594.mp3","おはよう","ohayou","Selamat pagi (santai)","1","public/js/data.js"
"7dedf859.mp3","おはよう、ゆきさん！","ohayou, Yuki-san!","","1","public/js/data.js"
"0f51ea29.mp3","おはよう！きょうは あついね。","ohayou! kyou wa atsui ne.","Pagi! Hari ini panas, ya.","1","public/js/data.js"
"76eb6714.mp3","おはよう！げんき？","ohayou! genki?","Pagi! Apa kabar?","1","public/js/data.js"
"3d675266.mp3","おはよう！しゅうまつ、なに する？","ohayou! shuumatsu, nani suru?","Pagi! Akhir pekan mau ngapain?","1","public/js/data2.js"
"f4760b22.mp3","おはよう。","ohayou.","","1","public/js/data.js"
"fce5d112.mp3","おはよう。よく ねた？","ohayou. yoku neta?","Pagi. Tidurmu nyenyak?","1","public/js/data2.js"
"056e1d67.mp3","おはようございます","ohayou gozaimasu","Selamat pagi (sopan)","1","public/js/data.js"
"819846d0.mp3","おふろ、わいた よ。","ofuro, waita yo.","Air mandinya sudah hangat.","1","public/js/data2.js"
"6bca82cc.mp3","おべんとう が ある から…","obentou ga aru kara…","","1","public/js/data2.js"
"5e4f76be.mp3","おべんとう、あたためますか？","obentou, atatamemasu ka?","(Kasir bertanya soal bekalmu)","1","public/js/places.js"
"6d89ca29.mp3","おべんとう、おいしそう！","obentou, oishisou!","Bekalmu kelihatan enak!","1","public/js/data2.js"
"d3561fc2.mp3","おまえ、さとう の いえ の こ か？","omae, Satou no ie no ko ka?","Kamu anak yang tinggal di rumah Sato?","1","src/story/scenes.ts"
"7c0413c0.mp3","おまたせ しました。","omatase shimashita.","Maaf menunggu.","1","public/js/places.js"
"40e843eb.mp3","おまたせ しました。どうぞ。","omatase shimashita. douzo.","Maaf menunggu. Silakan.","1","public/js/places2.js"
"5c565bcf.mp3","おまもり は いかが ですか？","omamori wa ikaga desu ka?","Mau jimat keberuntungan?","1","public/js/places2.js"
"7c85eb2f.mp3","おめでとう","omedetou","Selamat!","1","public/js/data.js"
"337ec46a.mp3","おめでとう！","omedetou!","Selamat!","1","public/js/data.js"
"8aa40c90.mp3","おやすみなさい。","oyasuminasai.","","1","public/js/data2.js"
"166f2800.mp3","オレンジジュース","orenji juusu","jus jeruk","1","public/js/konbini.js"
"07d6ee10.mp3","おわった","owatta","Sudah selesai","1","public/js/data2.js"
"646f09df.mp3","おわった ー！","owatta-!","Selesaaai!","1","public/js/data4.js"
"ce1a9999.mp3","おんがく は すき？","ongaku wa suki?","Kamu suka musik?","1","public/js/data3.js"
"c323c8cb.mp3","おんがく は たのしい！","ongaku wa tanoshii!","Musik itu menyenangkan!","1","public/js/places.js"
"0b1f4bd1.mp3","おんがく を きく こと！","ongaku o kiku koto!","","1","public/js/data2.js"
"7d526dd7.mp3","おんせんたまご","onsen tamago","telur onsen","1","public/js/places2.js"
"ce25368a.mp3","か","ka","","1","public/js/data.js"
"ae25042a.mp3","カ","ka","","1","public/js/data2.js"
"45456bcf.mp3","が すき","~ga suki","Suka …","1","public/js/data.js"
"fe967ac3.mp3","が と か、まちがえ そう…","ga to ka, machigae sou…","Aku takut tertukar が dan か…","1","public/js/data4.js"
"9f0257b1.mp3","カード","","","1","public/js/konbini.js"
"5249b64a.mp3","かい","kai","","1","public/js/places.js"
"ed0ba3c9.mp3","かえる、かわいい かも…","kaeru, kawaii kamo…","Kodoknya… mungkin lucu juga…","1","public/js/data4.js"
"2cfebffa.mp3","かえる！かえる が いる！","kaeru! kaeru ga iru!","Kodok! Ada kodok!","1","public/js/data4.js"
"4449a040.mp3","かお","kao","wajah","1","public/js/data.js"
"96d012cc.mp3","かかし","kakashi","Orang-orangan sawah untuk mengusir burung (とり).","1","public/js/places2.js"
"4849a68c.mp3","かぎ","kagi","kunci","1","public/js/data4.js"
"f6a4dbf3.mp3","かきごおり","kakigoori","es serut","1","public/js/konbini.js"
"6349d10d.mp3","かさ","kasa","payung","1","public/js/data.js"
"bd4da407.mp3","かさ を もって いきなさい。あめ が ふる よ。","kasa o motte ikinasai. ame ga furu yo.","Bawalah payung. Nanti hujan.","1","public/js/data2.js"
"93d071a6.mp3","かさ を わすれた…","kasa o wasureta…","Aku lupa bawa payung…","1","public/js/data3.js"
"57a83df0.mp3","かさ、ください。","kasa, kudasai.","","1","public/js/data4.js"
"82235c47.mp3","かさ、どうぞ","kasa, douzo","Ini payungnya, silakan","1","public/js/data4.js"
"22c3709f.mp3","かさ、どうぞ。","kasa, douzo.","","1","public/js/data4.js"
"17c844b5.mp3","かぞえる","kazoeru","Menghitung","1","public/js/data4.js"
"aa271e92.mp3","カタカナ","katakana","Huruf untuk kata serapan","1","public/js/data2.js"
"31cbdb13.mp3","カタカナ の しけん です。がんばって。","katakana no shiken desu. ganbatte.","Ujian katakana. Berjuanglah.","1","public/js/data2.js"
"9f3358fc.mp3","かった","~katta","Bentuk lampau kata sifat (oishikatta)","1","public/js/data2.js"
"6549d433.mp3","かに","kani","kepiting sungai","1","public/js/relax.js"
"c6b538ad.mp3","カフェ さくら","kafe sakura","","1","public/js/data2.js"
"7a4e378d.mp3","かふぇ さくら","kafe sakura","","1","public/js/data2.js"
"5a81e8c4.mp3","カフェ に いこう。","kafe ni ikou.","Ayo ke kafe.","1","public/js/relax.js"
"2bb333a0.mp3","カフェ の かんばん、かいて！","kafe no kanban, kaite!","Tolong tulis papan nama kafenya!","1","public/js/data2.js"
"42880010.mp3","カフェ の メニュー、チェック して くれる？","kafe no menyuu, chekku shite kureru?","Bisa bantu cek menu kafe?","1","public/js/game.js"
"501165be.mp3","カフェ の メニュー、なに が いい？","kafe no menyuu, nani ga ii?","Menu kafenya apa yang bagus?","1","public/js/data2.js"
"87188fc9.mp3","カフェ も おみせ を だす かも！","kafe mo omise o dasu kamo!","Kafe mungkin ikut buka lapak!","1","public/js/data4.js"
"e67bcb15.mp3","カフェ も… だします！","kafe mo… dashimasu!","Kafe juga… ikut buka lapak!","1","src/story/scenes3.ts"
"a2eb4b40.mp3","カフェ、きょう も おきゃくさん が すくない の。","kafe, kyou mo okyakusan ga sukunai no.","Kafe hari ini juga sepi pengunjung.","1","public/js/data4.js"
"8f488351.mp3","かめ","kame","kura-kura","1","public/js/relax.js"
"9b1a6de8.mp3","カメラ","kamera","kamera","1","public/js/data2.js"
"6a63d092.mp3","から きました","~kara kimashita","Saya datang dari …","1","public/js/data.js"
"1023ac09.mp3","からあげ","karaage","ayam goreng","1","public/js/konbini.js"
"08a89b32.mp3","からい！","karai!","","1","public/js/data2.js"
"df577055.mp3","カラオケ に いく！","karaoke ni iku!","","1","public/js/data2.js"
"fac134df.mp3","カラオケ に いこう！","karaoke ni ikou!","Ayo ke karaoke!","1","public/js/places2.js"
"b0bf5ace.mp3","カラオケ へ ようこそ！なに を うたいます か？","karaoke e youkoso! nani wo utaimasu ka?","Selamat datang di karaoke! Mau menyanyi lagu apa?","1","public/js/places2.js"
"10117bf4.mp3","カルピス","karupisu","minuman susu asam","1","public/js/konbini.js"
"920d93ca.mp3","カレー","karee","kari","1","public/js/data2.js"
"db162e3d.mp3","カレー ライス！","karee raisu!","","1","public/js/data2.js"
"a0d43c76.mp3","カレーパン","karee pan","roti kari","1","public/js/konbini.js"
"9b09a99f.mp3","かわいい","kawaii","Lucu / imut","1","public/js/data2.js"
"5d828f90.mp3","かわに さかなが いるよ！","kawa ni sakana ga iru yo!","Ada ikan di sungai!","1","public/js/data.js"
"dadb1e72.mp3","かんコーヒー","kan koohii","kopi kaleng","1","public/js/konbini.js"
"9c620fb9.mp3","かんじ","kanji","Huruf kanji","1","public/js/data4.js"
"a07b520d.mp3","かんたん","kantan","Mudah","1","public/js/data.js"
"8c53c6d2.mp3","かんたん だった！","kantan datta!","","1","public/js/data.js"
"c6e2b33f.mp3","かんたん だよ。","kantan da yo.","","1","public/js/data2.js"
"e6b1a0b5.mp3","がんばって","ganbatte","Semangat! / Berjuanglah!","1","public/js/data.js"
"80d82d48.mp3","がんばってる ね！","ganbatteru ne!","Kamu rajin, ya!","1","public/js/data2.js"
"836b9301.mp3","がんばってる ね。","ganbatteru ne.","Kamu rajin, ya.","1","public/js/data.js"
"5b86e4b9.mp3","がんばる","ganbaru","Aku akan berusaha","1","public/js/data.js"
"cc1da2a8.mp3","がんばる！","ganbaru!","","1","public/js/data.js"
"d44565db.mp3","がんばろう","ganbarou","Ayo berjuang!","1","public/js/data.js"
"0392c52e.mp3","がんばろう！","ganbarou!","Tulisan di papan: ""Ayo berjuang!""","1","public/js/game.js"
"490c8f86.mp3","かんばん","kanban","Papan nama","1","public/js/data2.js"
"4d6d10b8.mp3","かんぺき！ありがとう！","kanpeki! arigatou!","Sempurna! Terima kasih!","1","public/js/game.js"
"c8252d18.mp3","き","ki","","1","public/js/data.js"
"a824fab8.mp3","キ","ki","","1","public/js/data2.js"
"4cc18f42.mp3","きいて くれて ありがとう！","kiite kurete arigatou!","Terima kasih sudah mendengarkan!","1","public/js/data3.js"
"42dd62a6.mp3","きいて！あたらしい きょく！","kiite! atarashii kyoku!","Dengar! Lagu baru!","1","public/js/data3.js"
"5ca4e182.mp3","ギター","gitaa","gitar","1","public/js/data4.js"
"667219ce.mp3","きたない！","kitanai!","","1","public/js/data3.js"
"8b6d657b.mp3","きち","kichi","Beruntung! Teruslah belajar.","1","public/js/game.js"
"0eb98cd5.mp3","きっと かなう よ！","kitto kanau yo!","Pasti terkabul!","1","public/js/data2.js"
"2b2662db.mp3","きつねうどん","kitsune udon","udon rubah","1","public/js/places2.js"
"fdd2c438.mp3","きっぷ を かって ください。","kippu wo katte kudasai.","Silakan beli tiket dulu. (Mesin tiket ada di kiri bawah)","1","public/js/places.js"
"5b281af0.mp3","きて ください","kite kudasai","Silakan datang","1","public/js/data4.js"
"4815bfcc.mp3","きのう","kinou","Kemarin","1","public/js/data2.js"
"17890552.mp3","きのう の アニメ、みた？","kinou no anime, mita?","Nonton anime kemarin?","1","public/js/data2.js"
"4af4e63c.mp3","きのう、ラーメン や に いった！","kinou, raamen ya ni itta!","Kemarin aku ke kedai ramen!","1","public/js/data2.js"
"bd800640.mp3","キャンディ","kyandi","permen","1","public/js/konbini.js"
"51501628.mp3","きょう の ひるごはん、ハンバーガー に しない？","kyou no hirugohan, hanbaagaa ni shinai?","Makan siang hari ini hamburger, yuk?","1","public/js/data2.js"
"e879787f.mp3","きょう は あさいち！でも その まえ に しけん…","kyou wa asaichi! demo sono mae ni shiken…","Hari ini pasar pagi! Tapi sebelumnya ujian…","1","public/js/data4.js"
"5030f204.mp3","きょう は あめ だよ。かさ を もって いってね。","kyou wa ame da yo. kasa o motte itte ne.","Hari ini hujan. Bawa payung, ya.","1","public/js/game.js"
"1ee71351.mp3","きょう は アルバイト、よろしく ね！","kyou wa arubaito, yoroshiku ne!","Hari ini kamu kerja paruh waktu, mohon bantuannya!","1","public/js/konbini.js"
"14f34441.mp3","きょう は いい てんき だね。","kyou wa ii tenki da ne.","Hari ini cuacanya bagus, ya.","1","public/js/game.js"
"cac2aa57.mp3","きょう は うみ に いく の？いい な！","kyou wa umi ni iku no? ii na!","Hari ini ke pantai? Asyik!","1","public/js/data4.js"
"166db3a0.mp3","きょう は カタカナ の テスト…","kyou wa katakana no tesuto…","Hari ini ulangan katakana…","1","public/js/data2.js"
"9762f6b1.mp3","きょう は かんじ です！","kyou wa kanji desu!","Hari ini kanji!","1","public/js/data4.js"
"0f509338.mp3","きょう は くもり ね。","kyou wa kumori ne.","Hari ini mendung, ya.","1","public/js/game.js"
"2f5a6acd.mp3","きょう は テスト です。","kyou wa tesuto desu.","Hari ini ulangan.","1","public/js/data4.js"
"3729e646.mp3","きょう は どう だった？","kyou wa dou datta?","Hari ini bagaimana?","1","public/js/data2.js"
"8c879137.mp3","きょう は なに を ならった の？","kyou wa nani o naratta no?","Hari ini belajar apa?","1","src/story/scenes.ts"
"96b7e6c4.mp3","きょう は なに を べんきょう する の？","kyou wa nani o benkyou suru no?","Hari ini belajar apa?","1","public/js/data2.js"
"fe0cfa19.mp3","きょう は ラーメン。","kyou wa raamen.","Hari ini ramen.","1","public/js/relax.js"
"31e070fb.mp3","きょう も うたう よ！","kyou mo utau yo!","Hari ini aku bernyanyi lagi!","1","public/js/places.js"
"ffbb72e9.mp3","きょう、いっしょに かえろう？","kyou, issho ni kaerou?","Hari ini pulang bareng, yuk?","1","public/js/data.js"
"ac311b8e.mp3","ぎょうざ","gyouza","","1","public/js/places.js"
"605c7b58.mp3","きょうそう しよう！","kyousou shiyou!","Ayo lomba!","1","public/js/data3.js"
"96934756.mp3","きょうで ひらがな ぜんぶ だね！","kyou de hiragana zenbu da ne!","Hari ini hiragana-mu lengkap, ya!","1","public/js/data.js"
"7db7583d.mp3","きょうは テスト だ…","kyou wa tesuto da…","Hari ini ada ulangan…","1","public/js/data.js"
"4cbd6c05.mp3","きらい","kirai","Tidak suka","1","public/js/data.js"
"bb86a093.mp3","きらい です。","kirai desu.","","1","public/js/data.js"
"43cdc752.mp3","きれい な はな！","kirei na hana!","","1","public/js/data3.js"
"5fda2d0b.mp3","きれい！","kirei!","","1","public/js/data3.js"
"621ce59e.mp3","きれい。","kirei.","Indah.","1","public/js/relax.js"
"2f52af18.mp3","きをつけて ね。","ki wo tsukete ne.","Hati-hati, ya.","1","public/js/places.js"
"52fb94fe.mp3","きんぎょ","kingyo","ikan mas koki","1","public/js/relax.js"
"ca25303e.mp3","く","ku","","1","public/js/data.js"
"aa24fdde.mp3","ク","ku","","1","public/js/data2.js"
"923f8dae.mp3","くつ","kutsu","sepatu","1","public/js/data.js"
"19a3a6d0.mp3","グミ","gumi","permen jeli","1","public/js/konbini.js"
"0d062843.mp3","くるま","kuruma","mobil","1","public/js/data.js"
"d4253ffc.mp3","け","ke","","1","public/js/data.js"
"b4250d9c.mp3","ケ","ke","","1","public/js/data2.js"
"82aa2e43.mp3","ケーキ と ココア。","keeki to kokoa.","Kue dan cokelat panas.","1","public/js/relax.js"
"707aab43.mp3","ケーキ と ミルク！","keeki to miruku!","","1","public/js/data2.js"
"fdf0c152.mp3","ケーキ、たべる？わたし が つくったの。","keeki, taberu? watashi ga tsukutta no.","Mau kue? Aku yang buat.","1","public/js/data2.js"
"fd601840.mp3","ケーム","keemu","","1","public/js/data4.js"
"99f70c5e.mp3","げた","geta","sandal kayu (siapa yang hilang?)","1","public/js/relax.js"
"8e808aab.mp3","げんき です","genki desu","Saya baik-baik saja","1","public/js/data.js"
"fe393a9e.mp3","げんき です！","genki desu!","","1","public/js/data.js"
"6018a116.mp3","げんき？","genki?","Apa kabar?","1","public/js/data.js"
"ec95da7a.mp3","げんきん","","","1","public/js/konbini.js"
"d6254322.mp3","こ","ko","","1","public/js/data.js"
"b62510c2.mp3","コ","ko","","1","public/js/data2.js"
"d1253b43.mp3","ご","go","","1","public/js/data4.js"
"82f4a992.mp3","こい","koi","ikan koi","1","public/js/relax.js"
"f9a5108b.mp3","こうばん に とどける。","kouban ni todokeru.","","1","public/js/data3.js"
"86f4afde.mp3","こえ","koe","suara","1","public/js/data.js"
"935ee416.mp3","コート","kooto","mantel","1","public/js/data2.js"
"bd7e864b.mp3","コーンスープ","koon suupu","sup jagung kaleng","1","public/js/konbini.js"
"8df4bae3.mp3","ここ","koko","di sini","1","public/js/data.js"
"b8a09396.mp3","ここ が あなた の へや。","koko ga anata no heya.","Ini kamarmu.","1","src/story/scenes.ts"
"24188088.mp3","ここ です！","koko desu!","","1","public/js/data3.js"
"30fdba8d.mp3","ここ は じんじゃ。おねがい を する ところ。","koko wa jinja. onegai o suru tokoro.","Ini kuil. Tempat untuk membuat permohonan.","1","public/js/data2.js"
"50471f5c.mp3","ここ… おぼえて いる。","koko… oboete iru.","Tempat ini… aku ingat.","1","src/story/scenes3.ts"
"ea77cc36.mp3","ごせん えん","gosen en","","1","public/js/data4.js"
"370d4398.mp3","ごちそうさま。","gochisousama.","","1","public/js/data2.js"
"9ce64ccd.mp3","ごちそうさまでした","gochisousama deshita","Diucapkan setelah makan","1","public/js/data.js"
"0f30fe6c.mp3","こちらこそ","kochira koso","Sama-sama / saya juga","1","public/js/data2.js"
"55923e97.mp3","こちらこそ！","kochira koso!","Sama-sama, mohon bantuannya juga!","1","public/js/data2.js"
"81ebbea8.mp3","この え、すごい！だれ が かいた の？","kono e, sugoi! dare ga kaita no?","Gambar ini keren! Siapa yang menggambar?","1","src/story/scenes.ts"
"6ccd43b8.mp3","この ケーキ、おいしい よ。","kono keeki, oishii yo.","Kue ini enak, lho.","1","public/js/places.js"
"28b1062e.mp3","この じ…","kono ji…","Tulisan ini…","1","src/story/scenes.ts"
"70cf152b.mp3","この ほん、おもしろい よ。","kono hon, omoshiroi yo.","Buku ini seru, lho.","1","public/js/data2.js"
"dc297687.mp3","ごはん、おかわり する？","gohan, okawari suru?","Mau tambah nasi?","1","public/js/data2.js"
"d7d1f79c.mp3","ごはん！","gohan!","","1","public/js/data2.js"
"616a502a.mp3","ごひゃく えん","gohyaku en","","1","public/js/data4.js"
"bff50999.mp3","こめ","kome","","1","public/js/places2.js"
"e29cb7af.mp3","ごめん","gomen","Maaf (santai)","1","public/js/data.js"
"1714ca7b.mp3","ごめん、ようじが ある。","gomen, youji ga aru.","","1","public/js/data.js"
"e998dca9.mp3","これ / それ / あれ","kore / sore / are","Ini / itu (dekat lawan) / itu (jauh)","1","public/js/data.js"
"57c33d2b.mp3","これ は いくら ですか？","kore wa ikura desu ka?","","1","public/js/data2.js"
"d3132946.mp3","これ は たんぼ だよ。おこめ を つくって いる。","kore wa tanbo da yo. okome wo tsukutte iru.","Ini sawah. Aku menanam padi.","1","public/js/places2.js"
"9fc49130.mp3","これ は なん です か？","kore wa nan desu ka?","","1","public/js/data4.js"
"16af69aa.mp3","これ を ください","kore o kudasai","Saya minta ini","1","public/js/data4.js"
"903ebf2d.mp3","これ、あげる！","kore, ageru!","Ini, untukmu!","1","public/js/data3.js"
"9f46631f.mp3","これ、プレゼント。ずっと ともだち で いてね。","kore, purezento. zutto tomodachi de ite ne.","Ini hadiah. Tetap jadi temanku selamanya, ya.","1","public/js/data2.js"
"02eb58ac.mp3","これ… なに？","kore… nani?","Ini… apa?","1","src/story/scenes3.ts"
"1e2d244c.mp3","これから します。","korekara shimasu.","","1","public/js/data2.js"
"ddf5edbd.mp3","これは おかし です。","kore wa okashi desu.","","1","public/js/data.js"
"33be4701.mp3","これは ほん です。","kore wa hon desu.","","1","public/js/data.js"
"99fe7219.mp3","これは まんが です！","kore wa manga desu!","Ini manga!","1","public/js/data.js"
"abcf27b1.mp3","コロッケ","korokke","kroket","1","public/js/konbini.js"
"ffefa8e9.mp3","こわい","kowai","Takut","1","public/js/data2.js"
"cdc76238.mp3","こわい！","kowai!","","1","public/js/data4.js"
"02fa3afe.mp3","こんど","kondo","Lain kali","1","public/js/data2.js"
"6b162907.mp3","こんにちは！","konnichiwa!","Halo!","1","public/js/online.js"
"72779593.mp3","こんにちは。みち を おしえましょう か？","konnichiwa. michi wo oshiemashou ka?","Halo. Mau saya tunjukkan jalannya?","1","public/js/places.js"
"86e31276.mp3","こんばんは！","konbanwa!","Selamat malam!","1","public/js/online.js"
"a4215018.mp3","こんばんは。はやく かえりなさい ね。","konbanwa. hayaku kaerinasai ne.","Selamat sore. Cepat pulang, ya.","1","public/js/data3.js"
"0dfa4c4f.mp3","こんぶ","konbu","onigiri rumput laut","1","public/js/konbini.js"
"d02539b0.mp3","さ","sa","","1","public/js/data.js"
"b0250750.mp3","サ","sa","","1","public/js/data2.js"
"7d5d9eaa.mp3","さあ、いきましょう。","saa, ikimashou.","Ayo, kita jalan.","1","src/story/scenes.ts"
"ff142ff3.mp3","サーモン","saamon","salmon","1","public/js/places2.js"
"0eb4dfb1.mp3","サイズ は？ エス、エム、エル が あります。","saizu wa? esu, emu, eru ga arimasu.","Ukurannya? Ada S, M, L.","1","public/js/places2.js"
"859d6811.mp3","さかな","sakana","ikan","1","public/js/data.js"
"5c0b92dc.mp3","さかな が すき！","sakana ga suki!","","1","public/js/data2.js"
"0c483818.mp3","さかな が にげる。あっち へ いけ。","sakana ga nigeru. acchi e ike.","Ikannya kabur. Sana pergi.","1","src/story/scenes.ts"
"91d2d0a8.mp3","さかな と にく、どっち が すき？","sakana to niku, docchi ga suki?","Ikan atau daging, suka yang mana?","1","public/js/data2.js"
"6aa7caec.mp3","さくら","sakura","bunga sakura","1","public/js/data.js"
"b762aa95.mp3","さくら が きれい だ なあ。","sakura ga kirei da naa.","Sakuranya indah sekali.","1","public/js/relax.js"
"8b4e8d33.mp3","さけ","sake","onigiri salmon","1","public/js/konbini.js"
"d65538bd.mp3","サッカー！","sakkaa!","","1","public/js/data2.js"
"0610f9cb.mp3","ざっし","zasshi","Rak majalah & まんが (manga). Banyak orang membaca sambil berdiri: たちよみ.","1","public/js/places.js"
"afe89119.mp3","サテ！","sate!","","1","public/js/data2.js"
"c49adf7e.mp3","さとう せんせい は、わたし の せんせい でした。","Satou sensei wa, watashi no sensei deshita.","Bu Sato dulu guruku.","1","src/story/scenes.ts"
"2d23358c.mp3","さとう です。","Satou desu.","Saya Sato.","1","src/story/scenes.ts"
"6a4e5940.mp3","さば","saba","ikan makarel","1","public/js/places.js"
"9cc92393.mp3","さむいね。","samui ne.","","1","public/js/data.js"
"fe398acb.mp3","さようなら。","sayounara.","","1","public/js/data.js"
"c65822e3.mp3","ざるそば","zarusoba","soba dingin","1","public/js/places2.js"
"cd4d6219.mp3","さん","~san","Sapaan sopan setelah nama orang lain","1","public/js/data.js"
"d2253cd6.mp3","し","shi","","1","public/js/data.js"
"b2250a76.mp3","シ","shi","","1","public/js/data2.js"
"8bef89eb.mp3","し に てんてん で「じ」だよ。","shi ni tenten de ""ji"" da yo.","","1","public/js/data4.js"
"9948b46e.mp3","し/よん","shi / yon","","1","public/js/data4.js"
"c3dafd35.mp3","しあわせ！","shiawase!","Bahagia!","1","public/js/relax.js"
"a7634f89.mp3","しおラーメン","shio raamen","","1","public/js/places.js"
"9ba5a626.mp3","しか が かわいい！","shika ga kawaii!","Rusanya imut!","1","public/js/places2.js"
"2022ab3d.mp3","しかたない ね。","shikata nai ne.","","1","public/js/data4.js"
"453327b5.mp3","しけん が おわったら、カフェ だよ！","shiken ga owattara, kafe da yo!","Setelah ujian, waktunya kafe!","1","public/js/data2.js"
"0efd4df3.mp3","しけんを はじめます。がんばって ください。","shiken o hajimemasu. ganbatte kudasai.","Ujian dimulai. Berjuanglah.","1","public/js/data.js"
"9c20d15f.mp3","じこくひょう：つぎ の でんしゃ は うみ ゆき","jikokuhyou: tsugi no densha wa umi yuki","Jadwal: kereta berikutnya tujuan Umi (pantai).","1","public/js/places.js"
"b6cea075.mp3","じしょ","jisho","kamus","1","public/js/places.js"
"a28a7fde.mp3","しずか に ね。ここ は としょかん だよ。","shizuka ni ne. koko wa toshokan da yo.","Pelan-pelan ya. Ini perpustakaan.","1","public/js/data2.js"
"5952bbab.mp3","した","shita","bawah","1","public/js/data.js"
"22b59d60.mp3","しちゃく して も いい ですか？","shichaku shite mo ii desu ka?","","1","public/js/places2.js"
"bcf3eb7d.mp3","じつは… まんがか に なりたい んだ。","jitsu wa… mangaka ni naritai n da.","Sebenarnya… aku ingin jadi komikus.","1","public/js/data2.js"
"1d27322c.mp3","しつもん が ありますか？","shitsumon ga arimasu ka?","Ada pertanyaan?","1","public/js/data3.js"
"3e26498d.mp3","じどうはんばいき","jidouhanbaiki","Mesin minuman otomatis! Ada di mana-mana di Jepang.","1","public/js/game.js"
"4c1078a3.mp3","じぶん で やって！","jibun de yatte!","","1","public/js/data2.js"
"9828102a.mp3","じゃあ、たべよう！","jaa, tabeyou!","Nah, ayo makan!","1","public/js/data.js"
"07d4007e.mp3","しゃしん、とろう！","shashin, torou!","Ayo foto!","1","public/js/data3.js"
"a2ed324a.mp3","じゃんけん ぽん！","janken pon!","Suit! (batu-gunting-kertas)","1","public/js/relax.js"
"131c48cb.mp3","じゅう まで かぞえられる？","juu made kazoerareru?","Bisa menghitung sampai sepuluh?","1","public/js/data4.js"
"bfa3b5f2.mp3","シュークリーム","shuu kuriimu","kue sus","1","public/js/konbini.js"
"98a302a7.mp3","しゅうまつ","shuumatsu","Akhir pekan","1","public/js/data2.js"
"2b6653f8.mp3","しゅくだい は？","shukudai wa?","PR-nya?","1","public/js/data2.js"
"7ae01627.mp3","しゅくだい、みせて…","shukudai, misete…","Lihat PR-mu dong…","1","public/js/data2.js"
"cce8404a.mp3","しゅくだい、むずかしかった…","shukudai, muzukashikatta…","PR-nya susah…","1","public/js/data2.js"
"823d9bf3.mp3","しゅみ は なに？","shumi wa nani?","Hobimu apa?","1","public/js/data2.js"
"67894555.mp3","しょうきち","shoukichi","Sedikit beruntung. Senyum membawa rezeki!","1","public/js/game.js"
"1ec39ec6.mp3","しょうしょう おまち ください。","shoushou omachi kudasai.","Mohon tunggu sebentar. (ピッ… チン！)","1","public/js/konbini.js"
"00bfa276.mp3","じょうず ですね！","jouzu desu ne!","","1","public/js/data3.js"
"b473d0a7.mp3","じょうず ね。","jouzu ne.","Pintar, ya.","1","src/story/scenes.ts"
"520a25db.mp3","じょうず！","jouzu!","","1","public/js/data2.js"
"c6a353fc.mp3","しょうらい の ゆめ は なに？","shourai no yume wa nani?","Apa cita-citamu di masa depan?","1","public/js/data2.js"
"6a65d4dd.mp3","じんじゃ","jinja","Kuil Shinto","1","public/js/data2.js"
"dc254c94.mp3","す","su","","1","public/js/data.js"
"bc251a34.mp3","ス","su","","1","public/js/data2.js"
"b1744271.mp3","スカート","sukaato","rok","1","public/js/data2.js"
"3907d765.mp3","スキー","sukii","ski","1","public/js/data2.js"
"2a44956c.mp3","スキー！","sukii!","","1","public/js/data2.js"
"034b9ae5.mp3","すきな たべもの","suki na tabemono","Makanan favorit","1","public/js/data.js"
"1d7d4bf3.mp3","すきな たべものは？","suki na tabemono wa?","Makanan favoritmu apa?","1","public/js/data.js"
"663a1c4c.mp3","すごい","sugoi","Keren / hebat","1","public/js/data.js"
"3bb3d237.mp3","すごい！","sugoi!","Keren!","1","public/js/online.js"
"5baa0e55.mp3","すごい！おうえん する よ！","sugoi! ouen suru yo!","","1","public/js/data2.js"
"366d024b.mp3","すごい！せんぱい は せんせい みたい！","sugoi! senpai wa sensei mitai!","Hebat! Senpai seperti guru!","1","public/js/data4.js"
"50d972f2.mp3","すごく いい！","sugoku ii!","","1","public/js/data4.js"
"81b93d01.mp3","すごく おいしい！","sugoku oishii!","","1","public/js/data2.js"
"2bef2aa4.mp3","すごく おいしかった！","sugoku oishikatta!","Enak banget!","1","public/js/data2.js"
"462b4d3c.mp3","すこし。","sukoshi.","","1","public/js/data3.js"
"520366f9.mp3","すし","sushi","sushi","1","public/js/data.js"
"d383a661.mp3","すてき","suteki","Indah / keren","1","public/js/data2.js"
"c43661bd.mp3","すてき な うた！","suteki na uta!","","1","public/js/data3.js"
"2402f55f.mp3","すてき な おもいで だね。","suteki na omoide da ne.","Kenangan yang indah, ya.","1","public/js/data3.js"
"56a9c42f.mp3","すてき！わたし は パティシエ に なりたい。","suteki! watashi wa patishie ni naritai.","Keren! Aku ingin jadi pembuat kue.","1","public/js/data2.js"
"1c8d7e1d.mp3","すなの おしろ！","suna no oshiro!","Istana pasir!","1","public/js/places.js"
"b1a9ef2f.mp3","すばらしい！","subarashii!","Luar biasa!","1","public/js/game.js"
"510a8d83.mp3","スポーツ","supootsu","Olahraga","1","public/js/data2.js"
"7b472972.mp3","スポーツ は なに が すき？","supootsu wa nani ga suki?","Olahraga apa yang kamu suka?","1","public/js/data2.js"
"c34504b6.mp3","スポーツドリンク","supootsu dorinku","minuman isotonik","1","public/js/konbini.js"
"1ad1eb5f.mp3","スマホ","","","1","public/js/konbini.js"
"4f733773.mp3","すみません","sumimasen","Maaf / permisi","1","public/js/data.js"
"7d0bcac9.mp3","すみません、たりません…","sumimasen, tarimasen…","Maaf, uangnya kurang…","1","public/js/konbini.js"
"a63f0379.mp3","すみません、トイレ は どこ ですか？","sumimasen, toire wa doko desu ka?","","1","public/js/data2.js"
"85448b76.mp3","すみません！","sumimasen!","","1","public/js/data.js"
"4d2003b5.mp3","すみません… えき は どこ ですか？","sumimasen… eki wa doko desu ka?","Permisi… stasiun di mana?","1","public/js/data3.js"
"8314b6e3.mp3","すみません。","sumimasen.","","1","public/js/data.js"
"ad65dc61.mp3","ずるずる… おいしい！","zuru zuru… oishii!","Sruput… enak!","1","public/js/places.js"
"de254fba.mp3","せ","se","","1","public/js/data.js"
"be251d5a.mp3","セ","se","","1","public/js/data2.js"
"b5faaa4c.mp3","せいかい！","seikai!","Benar!","1","src/story/scenes3.ts"
"e9cfdcf1.mp3","セーター","seetaa","sweter","1","public/js/data2.js"
"8622c565.mp3","せかい","sekai","dunia","1","public/js/data.js"
"1ea537e7.mp3","せんせい！","sensei!","","1","public/js/data2.js"
"d15597dd.mp3","せんぱい、この まんが、いくら？","senpai, kono manga, ikura?","Senpai, komik ini berapa?","1","public/js/data4.js"
"b29e91f2.mp3","せんぱい、この「じ」って なに？","senpai, kono ""ji"" tte nani?","Senpai, ""ji"" ini apa?","1","public/js/data4.js"
"5b54727b.mp3","せんぱい、すごーい！","senpai, sugooi!","Senpai hebaaat!","1","public/js/data4.js"
"58fb0136.mp3","せんべい","senbei","kerupuk beras","1","public/js/extras.js"
"d8254648.mp3","そ","so","","1","public/js/data.js"
"b82513e8.mp3","ソ","so","","1","public/js/data2.js"
"148292fd.mp3","そう です ね。","sou desu ne.","","1","public/js/data3.js"
"36c6c3c9.mp3","そうだね","sou da ne","Iya, ya (setuju)","1","public/js/data.js"
"0631c891.mp3","そうだね。","sou da ne.","","1","public/js/data.js"
"b7cfbff4.mp3","ソーダ","sooda","soda","1","src/story/kasir.ts"
"71f90bfd.mp3","そで","sode","lengan baju","1","public/js/data4.js"
"62f8f460.mp3","そと","soto","luar","1","public/js/data.js"
"bbd0f96a.mp3","その もよう… なつかしい。","sono moyou… natsukashii.","Motif itu… membuatku rindu.","1","src/story/scenes.ts"
"03f9f1d3.mp3","そら","sora","langit","1","public/js/data.js"
"d3b7960f.mp3","そら が きれい だね。","sora ga kirei da ne.","Langitnya indah, ya.","1","public/js/data2.js"
"4a933771.mp3","それ、いい アイデア！","sore, ii aidea!","Itu ide bagus!","1","public/js/data2.js"
"21ce4998.mp3","それ… どこ で？","sore… doko de?","Itu… dari mana?","1","src/story/scenes.ts"
"c509651b.mp3","それは おかし です。","sore wa okashi desu.","","1","public/js/data.js"
"34711c25.mp3","それは なに？","sore wa nani?","Itu apa?","1","public/js/data.js"
"675adf66.mp3","それは なんですか？","sore wa nan desu ka?","","1","public/js/data.js"
"da25496e.mp3","た","ta","","1","public/js/data.js"
"ba25170e.mp3","タ","ta","","1","public/js/data2.js"
"26ee001a.mp3","だい さん しょう の しけん です。","dai san shou no shiken desu.","Ujian Bab 3.","1","public/js/data4.js"
"8fa54dff.mp3","だいきち","daikichi","Keberuntungan besar! Hari ini pasti lancar.","1","public/js/game.js"
"26c90c80.mp3","だいじょうぶ","daijoubu","Tidak apa-apa","1","public/js/data.js"
"b5bc8c6e.mp3","だいじょうぶ だよ。","daijoubu da yo.","","1","public/js/data4.js"
"90ea5413.mp3","だいじょうぶ！","daijoubu!","Tidak apa-apa!","1","public/js/data.js"
"aeea834d.mp3","だいじょうぶ？","daijoubu?","","1","public/js/data3.js"
"90ca40a6.mp3","だいじょうぶ。","daijoubu.","Tidak apa-apa. Pelan-pelan saja!","1","public/js/game.js"
"9d495122.mp3","だいじょうぶ。いっしょに べんきょう した でしょう？","daijoubu. issho ni benkyou shita deshou?","Tenang. Kita kan sudah belajar bareng?","1","public/js/data2.js"
"68a7201a.mp3","だいすき！","daisuki!","","1","public/js/data3.js"
"d5373209.mp3","だいふく","daifuku","daifuku","1","public/js/konbini.js"
"cb94d219.mp3","たいやき","taiyaki","kue ikan","1","public/js/extras.js"
"e1314265.mp3","たかい / やすい","takai / yasui","Mahal / murah","1","public/js/data4.js"
"dfabbe50.mp3","タクシー","takushii","taksi","1","public/js/data2.js"
"ca5a3b27.mp3","たこやき！","takoyaki!","","1","public/js/data3.js"
"628aa984.mp3","ださい。","dasai.","","1","public/js/data4.js"
"d54b496a.mp3","たすかった！ありがとう！","tasukatta! arigatou!","Kamu penyelamatku! Makasih!","1","public/js/data2.js"
"c563d360.mp3","たすかる わ。ありがとう。","tasukaru wa. arigatou.","Sangat membantu. Terima kasih.","1","src/story/scenes3.ts"
"3b024083.mp3","たすかる！ありがとう！","tasukaru! arigatou!","Tertolong! Makasih!","1","public/js/data3.js"
"f3bd2223.mp3","タッチ して ください。","tacchi shite kudasai.","Silakan tempelkan (kartu/ponsel).","1","public/js/konbini.js"
"029221a3.mp3","たのしい","tanoshii","Menyenangkan","1","public/js/data.js"
"ca032648.mp3","たのしい です！","tanoshii desu!","","1","public/js/data.js"
"f48efa73.mp3","たのしかった です！","tanoshikatta desu!","","1","public/js/data2.js"
"691a5557.mp3","たのしかった！","tanoshikatta!","","1","public/js/data4.js"
"8645c0fd.mp3","たべて みて！","tabete mite!","Coba makan!","1","public/js/data.js"
"35877d44.mp3","たべて みます！","tabete mimasu!","Akan kucoba!","1","public/js/data3.js"
"db49c96c.mp3","たまご","tamago","telur dadar manis","1","public/js/places2.js"
"26271db8.mp3","たまご、いくつ たべる？","tamago, ikutsu taberu?","Mau makan berapa telur?","1","public/js/data2.js"
"db413401.mp3","だめ！","dame!","","1","public/js/data2.js"
"f9300230.mp3","だんご","dango","dango","1","public/js/extras.js"
"cbc717e1.mp3","たんぼ","tanbo","Sawah. Padi (いね) tumbuh di air. Setelah dipanen jadi こめ (beras), lalu dimasak jadi ごはん (nasi).","1","public/js/places2.js"
"e425592c.mp3","ち","chi","","1","public/js/data.js"
"44245d4c.mp3","チ","chi","","1","public/js/data2.js"
"e47e9f9e.mp3","チーズ","chiizu","keju","1","public/js/data4.js"
"51f21a4d.mp3","チーズ！","chiizu!","","1","public/js/data3.js"
"94ef4da7.mp3","ちかてつ","chikatetsu","kereta bawah tanah","1","public/js/data.js"
"1dc59940.mp3","チキン","chikin","ayam goreng","1","public/js/data2.js"
"8efeb5a3.mp3","チキン も いれる。","chikin mo ireru.","Masukkan ayam juga.","1","public/js/relax.js"
"f7f36db0.mp3","ちず：がっこう・えき・こうえん・じんじゃ","chizu: gakkou, eki, kouen, jinja","Peta kota: sekolah, stasiun, taman, kuil.","1","public/js/places.js"
"e1a85737.mp3","ちゃわん を かえす","chawan wo kaesu","mengembalikan mangkuk","1","public/js/places2.js"
"18e9e4cf.mp3","ちゃわん を まわす","chawan wo mawasu","memutar mangkuk teh","1","public/js/places2.js"
"d403a6bd.mp3","ちゅうきち","chuukichi","Cukup beruntung. Pelan-pelan saja.","1","public/js/game.js"
"dd71c8a6.mp3","チョコ","choko","cokelat","1","public/js/konbini.js"
"ac3b7356.mp3","ちょっと こわい…","chotto kowai…","","1","public/js/data2.js"
"5a3590dc.mp3","ちょっと つかれた…","chotto tsukareta…","","1","public/js/data2.js"
"e1255473.mp3","つ","tsu","","1","public/js/data.js"
"41245893.mp3","ツ","tsu","","1","public/js/data2.js"
"c4bbc155.mp3","つかって","tsukatte","Pakailah","1","public/js/data2.js"
"58c3fc35.mp3","つき が きれい。","tsuki ga kirei.","Bulannya indah.","1","public/js/relax.js"
"747d1d65.mp3","つぎ は、うみ。うみ です。","tsugi wa, umi. umi desu.","Pemberhentian berikutnya: Umi.","1","public/js/places.js"
"a2ddec74.mp3","つくえ","tsukue","meja","1","public/js/data.js"
"654a4ad5.mp3","ツナマヨ","tsunamayo","onigiri tuna mayo","1","public/js/konbini.js"
"20e3927b.mp3","つまらない ね。","tsumaranai ne.","","1","public/js/data4.js"
"9fd42f9a.mp3","つまらない。","tsumaranai.","","1","public/js/data.js"
"62ddedaf.mp3","つゆ","tsuyu","Musim hujan","1","public/js/data4.js"
"169eb390.mp3","つゆ が はじまった ね！","tsuyu ga hajimatta ne!","Musim hujan sudah mulai, ya!","1","public/js/data4.js"
"d2786b15.mp3","つり を しよう！","tsuri o shiyou!","Ayo memancing!","1","public/js/online.js"
"43245bb9.mp3","テ","te","","1","public/js/data2.js"
"f76fa266.mp3","デザート・アイス","","Makanan penutup & es krim","1","public/js/konbini.js"
"4b11ca5e.mp3","デザート、どれ に しよう…","dezaato, dore ni shiyou…","Makanan penutup, pilih yang mana ya…","1","public/js/data4.js"
"12d18bad.mp3","でしょう！","deshou!","Benar, kan!","1","public/js/data.js"
"5fe0278d.mp3","です","~desu","Adalah … (sopan)","1","public/js/data.js"
"82a38dd8.mp3","テスト","tesuto","Ulangan / tes","1","public/js/data4.js"
"7bbc520a.mp3","テスト おわった！アイス を たべに いこう！","tesuto owatta! aisu o tabe ni ikou!","Ulangan selesai! Ayo makan es krim!","1","public/js/data2.js"
"f4fe9309.mp3","テスト で ひゃくてん！","tesuto de hyakuten!","Semoga dapat nilai 100 di ujian!","1","public/js/places.js"
"f3f9c55f.mp3","テスト、こわい…","tesuto, kowai…","Ulangannya menakutkan…","1","src/story/scenes.ts"
"85766b87.mp3","テスト、どうだった？","tesuto, dou datta?","Ulangannya bagaimana?","1","public/js/data.js"
"00efc1dd.mp3","テニス","tenisu","tenis","1","public/js/data2.js"
"021f1dac.mp3","テニス を する！","tenisu o suru!","","1","public/js/data2.js"
"57962b1c.mp3","では、テストを はじめます。","dewa, tesuto o hajimemasu.","Baiklah, ulangan dimulai.","1","public/js/data.js"
"7897c213.mp3","では、はじめ！","dewa, hajime!","Baiklah, mulai!","1","public/js/data2.js"
"af64f845.mp3","でも、あじさい が きれい だよ。","demo, ajisai ga kirei da yo.","","1","public/js/data4.js"
"a3e13e30.mp3","てら","tera","kota kuil","1","public/js/places2.js"
"b132d9e6.mp3","てるてるぼうず！あした は はれ に なれ！","teru teru bouzu! ashita wa hare ni nare!","Teru teru bouzu! Besok cerahlah!","1","public/js/data4.js"
"7c3aca89.mp3","てんき","tenki","cuaca","1","public/js/data.js"
"561f0dfe.mp3","でんしゃ は はやい です ね。","densha wa hayai desu ne.","Keretanya cepat, ya.","1","public/js/places.js"
"03043e5d.mp3","でんしゃは まだ こないよ。","densha wa mada konai yo.","Keretanya belum datang.","1","public/js/data.js"
"aa31a401.mp3","てんてん","tenten","Tanda dua titik ゛","1","public/js/data4.js"
"22a5fef0.mp3","てんてん と すうじ","","","1","public/js/data4.js"
"05e0bae4.mp3","てんてん を よく みて！","tenten o yoku mite!","","1","public/js/data4.js"
"54710bc6.mp3","てんぷら","tenpura","tempura","1","public/js/places2.js"
"f017a400.mp3","でんわ","denwa","telepon","1","public/js/data4.js"
"ed256757.mp3","と","to","","1","public/js/data.js"
"4d246b77.mp3","ト","to","","1","public/js/data2.js"
"d5feed59.mp3","ドア が いい よ！","doa ga ii yo!","","1","public/js/data4.js"
"c5c82f62.mp3","トイレ、ください。","toire, kudasai.","","1","public/js/data2.js"
"23db8367.mp3","どういたしまして","dou itashimashite","Sama-sama","1","public/js/data.js"
"d884d492.mp3","どういたしまして！","dou itashimashite!","Sama-sama!","1","public/js/data.js"
"d7db67ff.mp3","どういたしまして。","dou itashimashite.","Sama-sama.","1","public/js/online.js"
"138cc55a.mp3","どうぞ！あさいち です！","douzo! asaichi desu!","","1","public/js/data4.js"
"b103ae96.mp3","どうぞ。ごゆっくり。","douzo. goyukkuri.","Silakan. Nikmati dengan santai.","1","public/js/places2.js"
"dfd7b391.mp3","どうだった？","dou datta?","Bagaimana tadi?","1","public/js/data.js"
"c6cf9164.mp3","とうろう","tourou","Lentera batu di jalan menuju kuil. Dinyalakan saat festival.","1","public/js/places2.js"
"3649d6ed.mp3","トースト と ごはん、どっち が いい？","toosuto to gohan, docchi ga ii?","Roti panggang atau nasi, mau yang mana?","1","public/js/data2.js"
"5597d883.mp3","トースト！","toosuto!","","1","public/js/data2.js"
"61a53cc6.mp3","ドーナツ","doonatsu","donat","1","src/story/kasir.ts"
"57ae1806.mp3","どこ に いく？","doko ni iku?","Mau ke mana?","1","public/js/online.js"
"0dfde92b.mp3","どこから きましたか","doko kara kimashita ka","Datang dari mana?","1","public/js/data.js"
"d9f62134.mp3","とです ね","~to~desu ne","… dan …, ya (mengulang pesanan)","1","public/js/data2.js"
"6b434494.mp3","ともだち","tomodachi","Teman","1","public/js/data2.js"
"1eee14bb.mp3","ともだち が ふえます ように。","tomodachi ga fuemasu you ni.","Semoga temanku bertambah.","1","public/js/places.js"
"9982fff4.mp3","ともだち と ずっと いっしょ に いたい。","tomodachi to zutto issho ni itai.","","1","public/js/data2.js"
"2e34f2cc.mp3","どらやき","dorayaki","dorayaki","1","public/js/extras.js"
"2ec950e7.mp3","とり","tori","burung","1","public/js/data.js"
"ef256a7d.mp3","な","na","","1","public/js/data.js"
"4f246e9d.mp3","ナ","na","","1","public/js/data2.js"
"44bf15be.mp3","ナース","naasu","perawat","1","public/js/data2.js"
"c2785665.mp3","ナイス！","naisu!","Bagus! (dari ""nice"")","1","public/js/data3.js"
"b05c862a.mp3","ナイフ","naifu","pisau","1","public/js/data2.js"
"496a8dfa.mp3","ナシゴレン！","nashigoren!","","1","public/js/data2.js"
"7da32c50.mp3","ナシゴレンが すきです！","nashigoren ga suki desu!","","1","public/js/data.js"
"90ccd55b.mp3","なつ","natsu","musim panas","1","public/js/data.js"
"49880c8f.mp3","なつかしい…","natsukashii…","Rindu sekali…","1","src/story/scenes.ts"
"8eccd235.mp3","なな","nana","","1","public/js/data4.js"
"5dc6c689.mp3","なに に なさいます か？","nani ni nasaimasu ka?","Mau pesan apa? (sopan)","1","public/js/places2.js"
"2bc53a91.mp3","なに を して いる の？","nani o shite iru no?","Sedang apa?","1","src/story/scenes.ts"
"4176acb3.mp3","なむ…","namu…","(Di おてら tidak bertepuk tangan.)","1","public/js/places2.js"
"2cf9f233.mp3","なんですか","nan desu ka","Apa? (sopan)","1","public/js/data.js"
"e7d1b648.mp3","なんばん？","nanban?","Nomor berapa?","1","public/js/data4.js"
"ee2568ea.mp3","に","ni","","1","public/js/data.js"
"4e246d0a.mp3","ニ","ni","","1","public/js/data2.js"
"9bde28b3.mp3","に いこう","~ni ikou","Ayo pergi …","1","public/js/data2.js"
"69bd4ed9.mp3","に なりたい","~ni naritai","Ingin menjadi …","1","public/js/data2.js"
"89ca8bbf.mp3","にく","niku","daging","1","public/js/data.js"
"bbb7ca32.mp3","にく が すき！","niku ga suki!","","1","public/js/data2.js"
"ac3b44c0.mp3","にくまん","nikuman","bakpao daging","1","public/js/konbini.js"
"714dd82e.mp3","にしきごい","nishikigoi","koi warna-warni","1","public/js/relax.js"
"3d901b70.mp3","にほん","nihon","Jepang","1","public/js/data.js"
"718e59d1.mp3","にほんから きました。","nihon kara kimashita.","","1","public/js/data.js"
"ce3f097f.mp3","にほんご が じょうず に なりたい。","nihongo ga jouzu ni naritai.","","1","public/js/data2.js"
"29539504.mp3","にほんご が じょうず に なります ように。","nihongo ga jouzu ni narimasu you ni.","Semoga bahasa Jepangku makin lancar.","1","public/js/places.js"
"e68ce027.mp3","にほんの せいかつは どう？","nihon no seikatsu wa dou?","Bagaimana hidup di Jepang?","1","public/js/data.js"
"be2c19eb.mp3","にゃ。","nya.","(Mochi mengeong dari jendela.)","1","src/story/scenes.ts"
"c7829f8b.mp3","にゃあ。","nyaa.","Meong.","1","src/story/scenes.ts"
"e925610b.mp3","ぬ","nu","","1","public/js/data.js"
"4924652b.mp3","ヌ","nu","","1","public/js/data2.js"
"e8255f78.mp3","ね","ne","","1","public/js/data.js"
"48246398.mp3","ネ","ne","","1","public/js/data2.js"
"e795c641.mp3","ねえ、ひらがな よめる？","nee, hiragana yomeru?","Hei, kamu bisa baca hiragana?","1","public/js/game.js"
"ae384cba.mp3","ねえねえ、あそぼう！","nee nee, asobou!","Hei hei, ayo main!","1","public/js/data.js"
"e05b21ce.mp3","ネクタイ","nekutai","dasi","1","public/js/data2.js"
"0790979c.mp3","ねこ が いる。","neko ga iru.","Ada seekor kucing.","1","public/js/relax.js"
"833e35b1.mp3","ねこ ちゃん、こんにちは！","neko-chan, konnichiwa!","","1","public/js/data3.js"
"12f3d834.mp3","ねこ の モチ が いない…","neko no Mochi ga inai…","Kucingku, Mochi, tidak ada…","1","public/js/game.js"
"af4e4e20.mp3","ねこ は うえ。","neko wa ue.","Kucingnya di atas.","1","public/js/relax.js"
"82f24e44.mp3","ねむい","nemui","Mengantuk","1","public/js/data.js"
"85a3c446.mp3","ねむい…","nemui…","","1","public/js/data2.js"
"9a80cd96.mp3","ねむい… ひる やすみ、みじかい よ。","nemui… hiru yasumi, mijikai yo.","Ngantuk… Istirahat siang terlalu pendek.","1","public/js/data2.js"
"024f2bd1.mp3","ねる。","neru.","","1","public/js/data4.js"
"eb256431.mp3","の","no","","1","public/js/data.js"
"4b246851.mp3","ノ","no","","1","public/js/data2.js"
"cb9e724d.mp3","ノート","nooto","buku tulis","1","public/js/data2.js"
"475b60e6.mp3","ノート を わすれた…","nooto o wasureta…","Aku lupa bawa buku tulis…","1","public/js/data2.js"
"ea25629e.mp3","は","ha","","1","public/js/data.js"
"4a2466be.mp3","ハ","ha","","1","public/js/data2.js"
"9eb0c013.mp3","は どこ ですか","~wa doko desu ka","… ada di mana?","1","public/js/data2.js"
"ccdf38e7.mp3","はあ、つかれた…","haa, tsukareta…","Hah, capek…","1","public/js/relax.js"
"7307d5c9.mp3","はい、ありがとう ございます！","hai, arigatou gozaimasu!","","1","public/js/data3.js"
"75edb391.mp3","はい、おしえて ください！","hai, oshiete kudasai!","","1","public/js/data3.js"
"0430e1b3.mp3","はい、おねがいします！","hai, onegaishimasu!","","1","public/js/data2.js"
"00b18e3f.mp3","はい、じょうず です！","hai, jouzu desu!","","1","public/js/data3.js"
"c74fb2fb.mp3","はい、すみません。","hai, sumimasen.","","1","public/js/data2.js"
"a83876b0.mp3","はい、どうぞ","hai, douzo","Ini, silakan","1","public/js/data.js"
"8200c1a3.mp3","はい、どうぞ！","hai, douzo!","Ini, silakan!","1","public/js/data.js"
"d371460c.mp3","はい、はいります！","hai, hairimasu!","","1","public/js/data2.js"
"7d654d69.mp3","はい、よく ねました。","hai, yoku nemashita.","","1","public/js/data2.js"
"87bcc1ea.mp3","はい、レシート です。","hai, reshiito desu.","Ini struknya.","1","public/js/konbini.js"
"6392d289.mp3","はい、わかりました。","hai, wakarimashita.","","1","public/js/data2.js"
"5d6871f7.mp3","はい、わけます ね。","hai, wakemasu ne.","Baik, saya pisahkan.","1","public/js/konbini.js"
"d5b91ffd.mp3","はい！","hai!","Iya!","1","public/js/online.js"
"019d0731.mp3","はい。にかい たたく。","","","1","public/js/places2.js"
"5944be2f.mp3","パイロット！","pairotto!","","1","public/js/data2.js"
"2e2fb600.mp3","はじめまして","hajimemashite","Senang berkenalan","1","public/js/data.js"
"1685a652.mp3","はじめまして！けんた です。","hajimemashite! Kenta desu.","Senang berkenalan! Saya Kenta.","1","public/js/data.js"
"b1b71316.mp3","はじめまして！はな です。クラスの いいんちょう です。","hajimemashite! Hana desu. kurasu no iinchou desu.","Senang berkenalan! Aku Hana, ketua kelas.","1","public/js/data2.js"
"b6cff526.mp3","はじめまして。","hajimemashite.","","1","public/js/data.js"
"b186c772.mp3","はじめまして。よろしく おねがいします。","hajimemashite. yoroshiku onegaishimasu.","","1","public/js/data2.js"
"190c83e0.mp3","パスタ","pasuta","pasta","1","public/js/konbini.js"
"97c1a76d.mp3","はち","hachi","","1","public/js/data4.js"
"b96b12d4.mp3","ハチこう","hachikou","Patung anjing setia Hachiko di Shibuya. Ia menunggu tuannya di stasiun setiap hari selama 10 tahun.","1","public/js/places2.js"
"c66b5227.mp3","はちじ！？ちこく だ！","hachiji!? chikoku da!","Jam 8!? Kita terlambat!","1","public/js/data.js"
"3911d9e4.mp3","バドミントン！","badominton!","","1","public/js/data2.js"
"8cc1961c.mp3","はな","hana","bunga","1","public/js/data.js"
"62e53284.mp3","はな に みず を あげよう。","hana ni mizu o ageyou.","Ayo beri air pada bunga.","1","public/js/data3.js"
"1533f5fa.mp3","ハム","hamu","daging ham","1","public/js/data2.js"
"cc6a97a5.mp3","はやく、はやく！","hayaku, hayaku!","Cepat, cepat!","1","public/js/relax.js"
"83b19867.mp3","パラソル","parasoru","Payung pantai (parasol). Teduh sekali di sini.","1","public/js/places.js"
"5e081c82.mp3","はれ に なります ように！","hare ni narimasu you ni!","","1","public/js/data4.js"
"04da92de.mp3","パン、はんぶん こ しよう！","pan, hanbunko shiyou!","Rotinya kita bagi dua, yuk!","1","public/js/data4.js"
"b9a9bdb9.mp3","パン、はんぶん たべる？","pan, hanbun taberu?","Mau setengah rotiku?","1","public/js/data2.js"
"37b267cf.mp3","ハンカチ","hankachi","saputangan","1","public/js/data2.js"
"4a717478.mp3","ばんごはん は カレー だよ。","bangohan wa karee da yo.","Makan malam kari.","1","public/js/data2.js"
"19dc2b49.mp3","はんぶん こ","hanbunko","Dibagi dua","1","public/js/data4.js"
"f7257715.mp3","ひ","hi","","1","public/js/data.js"
"57247b35.mp3","ヒ","hi","","1","public/js/data2.js"
"41af85c7.mp3","ピアノ","piano","piano","1","public/js/data4.js"
"d3c6cd47.mp3","ピース！","piisu!","","1","public/js/data3.js"
"4284210a.mp3","ヒーロー","hiiroo","pahlawan","1","public/js/data2.js"
"003cd603.mp3","ひこうき","hikouki","pesawat","1","public/js/data.js"
"8caf89c7.mp3","ひと","hito","orang","1","public/js/data.js"
"b89e783c.mp3","ひとつ ください！","hitotsu kudasai!","","1","public/js/data3.js"
"adc84029.mp3","ひとつ たべる？","hitotsu taberu?","","1","public/js/data2.js"
"17a87b48.mp3","ひとつ！","hitotsu!","","1","public/js/data2.js"
"7404940d.mp3","ひゃく / ごじゅう","hyaku / gojuu","100 / 50","1","public/js/data2.js"
"329df435.mp3","ひゃく ごじゅう えん です。","hyaku gojuu en desu.","150 yen.","1","public/js/data2.js"
"87a0b3fe.mp3","ひゃくにじゅう えん です。","hyaku nijuu en desu.","120 yen.","1","public/js/data4.js"
"4c5a1a9c.mp3","ひよこ","hiyoko","anak ayam","1","public/js/relax.js"
"12363364.mp3","ひるごはん","hirugohan","Makan siang","1","public/js/data2.js"
"6dd9c9a4.mp3","ひるやすみ です。","hiruyasumi desu.","Waktunya istirahat siang.","1","public/js/game.js"
"f0256c10.mp3","ふ","fu","","1","public/js/data.js"
"50247030.mp3","フ","fu","","1","public/js/data2.js"
"4ad038c0.mp3","ふぐ","fugu","ikan buntal","1","public/js/places.js"
"92fc1b00.mp3","ふくろ","","","1","public/js/konbini.js"
"2991f07d.mp3","ふくろ は いりますか","fukuro wa irimasu ka","Perlu kantong?","1","public/js/data2.js"
"a8f15b84.mp3","ふくろ は さんえん です。","fukuro wa san-en desu.","Kantong plastik 3 yen, ya.","1","public/js/konbini.js"
"59a4ac22.mp3","ぶた","buta","babi","1","public/js/data4.js"
"93fb13ca.mp3","ふたつ ください！","futatsu kudasai!","","1","public/js/data3.js"
"59d916ce.mp3","ふたつ！","futatsu!","","1","public/js/data2.js"
"c71a58e9.mp3","ふたり は ともだち。","futari wa tomodachi.","Mereka berdua berteman.","1","public/js/relax.js"
"4c435444.mp3","ふつう。","futsuu.","","1","public/js/data4.js"
"84d0940e.mp3","ふな","funa","ikan mas liar","1","public/js/relax.js"
"87d098c7.mp3","ふね","fune","kapal","1","public/js/data.js"
"c61f50be.mp3","プリン が いい よ！","purin ga ii yo!","","1","public/js/data4.js"
"f8444fb2.mp3","プリン！さんせい！","purin! sansei!","Puding! Setuju!","1","public/js/data4.js"
"34e8d9e6.mp3","ふるい ね。","furui ne.","","1","public/js/data2.js"
"678f363a.mp3","プロ みたい！","puro mitai!","","1","public/js/data2.js"
"f686b6a8.mp3","ふわあ… ねむい…","fuwaa… nemui…","Hoaam… ngantuk…","1","public/js/data.js"
"bac8baae.mp3","ぶんかさい","bunkasai","Festival sekolah","1","public/js/data2.js"
"ce4056ab.mp3","ぶんかさい で、クラス の カフェ を します！","bunkasai de, kurasu no kafe o shimasu!","Di festival sekolah, kelas kita buka kafe!","1","public/js/data2.js"
"588bfbd7.mp3","ぶんかさい まで あと いちにち！","bunkasai made ato ichinichi!","Festival tinggal satu hari lagi!","1","public/js/data2.js"
"38f5046c.mp3","ふんすい","funsui","Air mancur. Kamu melempar koin dan membuat permohonan (ねがいごと).","1","public/js/places.js"
"fd258087.mp3","へ","he","","1","public/js/data.js"
"5d2484a7.mp3","ヘ","he","","1","public/js/data2.js"
"8a24c159.mp3","へい、らっしゃい！","hei, rasshai!","Hei, selamat datang! (sapaan khas kedai)","1","public/js/places.js"
"76a0a7d1.mp3","へい、らっしゃい！なに に しましょう？","hei, rasshai! nani ni shimashou?","Selamat datang! Mau yang mana?","1","public/js/places2.js"
"2ee5d392.mp3","へえ、すごい！","hee, sugoi!","Wah, keren!","1","public/js/data.js"
"5c55672e.mp3","へそ","heso","pusar","1","public/js/data.js"
"623a546a.mp3","へた…","heta…","","1","public/js/data3.js"
"3e534bbe.mp3","へた。","heta.","","1","public/js/data2.js"
"a6e786f9.mp3","べつに。","betsuni.","","1","public/js/data3.js"
"04cc769a.mp3","ペン","pen","pena","1","public/js/data4.js"
"fe25821a.mp3","ほ","ho","","1","public/js/data.js"
"5e24863a.mp3","ホ","ho","","1","public/js/data2.js"
"2dc57abf.mp3","ポイント を おつけ しました。","pointo wo otsuke shimashita.","Poinnya sudah ditambahkan. (+2🌸)","1","public/js/konbini.js"
"6dc5b60a.mp3","ボール","booru","bola","1","public/js/data4.js"
"e561b906.mp3","ポケット に いれる。","poketto ni ireru.","","1","public/js/data3.js"
"6257af37.mp3","ほし","hoshi","bintang","1","public/js/data.js"
"e4b3d54d.mp3","ほし も ひかる。","hoshi mo hikaru.","Bintang juga bersinar.","1","public/js/relax.js"
"b03debf8.mp3","ポスター","posutaa","Poster","1","public/js/data4.js"
"135ef57d.mp3","ポスター、どう？","posutaa, dou?","Posternya bagaimana?","1","public/js/data4.js"
"1a4b42b1.mp3","ポスト","posuto","Kotak pos. Isinya kosong.","1","public/js/game.js"
"fd0b5ec8.mp3","ポスト を みて きて くれる？","posuto o mite kite kureru?","Bisa tolong lihat kotak pos?","1","public/js/game.js"
"86da9992.mp3","ポテトチップス","poteto chippusu","keripik kentang","1","public/js/konbini.js"
"9d862f8d.mp3","ホテル","hoteru","hotel","1","public/js/data2.js"
"9e580dab.mp3","ほん","hon","buku","1","public/js/data.js"
"2c2656dc.mp3","ほんとう に ありがとう。","hontou ni arigatou.","Terima kasih banyak, sungguh.","1","src/story/scenes3.ts"
"fb257d61.mp3","ま","ma","","1","public/js/data.js"
"5b248181.mp3","マ","ma","","1","public/js/data2.js"
"bd1aaf8e.mp3","まあ、まごから の てがみ！ありがとう。","maa, mago kara no tegami! arigatou.","Wah, surat dari cucuku! Terima kasih.","1","public/js/game.js"
"1f836625.mp3","まあまあ","maamaa","Lumayan","1","public/js/data.js"
"e6458160.mp3","まあまあ かな。","maamaa kana.","","1","public/js/data.js"
"bb27aa5b.mp3","まい…","Mai…","Mai…","1","public/js/data3.js"
"0d3137a9.mp3","まいど あり！","maido ari!","Terima kasih sudah membeli!","1","public/js/data3.js"
"e144dad9.mp3","まいど！","maido!","Terima kasih, datang lagi ya!","1","public/js/places.js"
"1530328e.mp3","まかせて！","makasete!","","1","public/js/data3.js"
"34c46dea.mp3","まぐろ","maguro","tuna","1","public/js/places2.js"
"efa66585.mp3","マスク","masuku","masker","1","public/js/data2.js"
"5cb83893.mp3","まだ","mada","Belum","1","public/js/data2.js"
"6fccc2a2.mp3","また あした","mata ashita","Sampai besok","1","public/js/data.js"
"308550b0.mp3","また あした ね！","mata ashita ne!","Sampai besok, ya!","1","public/js/relax.js"
"a1850799.mp3","また あした！","mata ashita!","","1","public/js/data.js"
"9fa1f1e0.mp3","また あした。","mata ashita.","Sampai besok.","1","public/js/game.js"
"b070d956.mp3","また おこしください。","mata okoshi kudasai.","Silakan datang lagi.","1","public/js/data.js"
"2671ef12.mp3","また きたい な。","mata kitai na.","Ingin datang lagi.","1","public/js/relax.js"
"43c9efd6.mp3","また こんど ね。","mata kondo ne.","","1","public/js/data2.js"
"d2dfa048.mp3","また ね！","mata ne!","Sampai jumpa!","1","public/js/online.js"
"aacee4ef.mp3","まだ…","mada…","","1","public/js/data2.js"
"182bf06f.mp3","まち は ひと が おおい です ね！","machi wa hito ga ooi desu ne!","Kotanya ramai sekali, ya!","1","public/js/places2.js"
"47237c9d.mp3","まちがえる","machigaeru","Salah / tertukar","1","public/js/data4.js"
"44d61532.mp3","まっちゃ","matcha","teh hijau bubuk","1","public/js/places2.js"
"56750f1a.mp3","まもなく、でんしゃ が まいります。","mamonaku, densha ga mairimasu.","Sebentar lagi kereta akan tiba.","1","public/js/places.js"
"7d10b458.mp3","まもなく、でんしゃ が まいります。きいろい せん の うちがわ で おまち ください。","mamonaku, densha ga mairimasu. kiiroi sen no uchigawa de omachi kudasai.","Kereta akan tiba. Harap tunggu di belakang garis kuning.","1","public/js/places2.js"
"150a5dce.mp3","まんが","manga","komik","1","public/js/places.js"
"31cc48fa.mp3","まんがか！","mangaka!","","1","public/js/data2.js"
"fa257bce.mp3","み","mi","","1","public/js/data.js"
"5a247fee.mp3","ミ","mi","","1","public/js/data2.js"
"213ad724.mp3","みかん","mikan","jeruk","1","public/js/data.js"
"5cb5f9fc.mp3","みず","mizu","air mineral","1","public/js/konbini.js"
"8a837f5d.mp3","みそしる、どうぞ。","misoshiru, douzo.","Silakan, sup miso.","1","public/js/data2.js"
"0ae9a7cd.mp3","みそラーメン・しおラーメン・ぎょうざ","miso raamen, shio raamen, gyouza","Menu: ramen miso, ramen garam, pangsit goreng.","1","public/js/places.js"
"c3591dd5.mp3","みそラーメン、おまち！","miso raamen, omachi!","Ramen miso, silakan! (sudah jadi)","1","public/js/places.js"
"9faf9f58.mp3","みた！おもしろかった！","mita! omoshirokatta!","","1","public/js/data2.js"
"099cb0d6.mp3","みたらしだんご","mitarashi dango","dango saus manis","1","public/js/places2.js"
"c09af558.mp3","みっつ！","mittsu!","","1","public/js/data2.js"
"238bdf80.mp3","みて ない…","mite nai…","","1","public/js/data2.js"
"b121db85.mp3","みて！あたらしい ゲーム！","mite! atarashii geemu!","Lihat! Gim baru!","1","public/js/data4.js"
"c9584783.mp3","みて！あたらしい セーター！","mite! atarashii seetaa!","Lihat! Sweter baru!","1","public/js/data2.js"
"cff6a6d8.mp3","みて！けんだま、できる よ！","mite! kendama, dekiru yo!","Lihat! Aku bisa main kendama!","1","public/js/data2.js"
"d04cecd8.mp3","みて！たから の ちず！","mite! takara no chizu!","Lihat! Peta harta karun!","1","src/story/scenes.ts"
"11a21d33.mp3","みて！デザイン したんだ！","mite! dezain shita n da!","Lihat! Aku yang mendesain!","1","public/js/data4.js"
"80f6e04d.mp3","みなさん、おはようございます。","minasan, ohayou gozaimasu.","Selamat pagi, semuanya.","1","public/js/data.js"
"e03d6e1e.mp3","みなと…","minato…","Pelabuhan…","1","src/story/scenes3.ts"
"79b627a3.mp3","みみ","mimi","telinga","1","public/js/data.js"
"80989ab9.mp3","みんな で いちば を やろう！","minna de ichiba o yarou!","Ayo kita adakan pasar bersama-sama!","1","src/story/scenes3.ts"
"2248a2f3.mp3","みんなで がんばろう！","minna de ganbarou!","Ayo berjuang bersama!","1","public/js/data.js"
"3c0b9394.mp3","みんなの おかげ","minna no okage","Berkat kalian semua","1","public/js/data.js"
"8524c39f.mp3","む","mu","","1","public/js/data.js"
"6524913f.mp3","ム","mu","","1","public/js/data2.js"
"458e261f.mp3","むぎちゃ","mugicha","teh jelai","1","public/js/konbini.js"
"612bc3d8.mp3","むし","mushi","serangga","1","public/js/data.js"
"0aa43ced.mp3","むり だよ。","muri da yo.","","1","public/js/data2.js"
"64248fac.mp3","メ","me","","1","public/js/data2.js"
"066e2c5d.mp3","めだか","medaka","ikan medaka","1","public/js/relax.js"
"6d74ac9d.mp3","メニュー：コーヒー・ケーキ・ジュース・パフェ","menyuu: koohii, keeki, juusu, pafe","Menu: kopi, kue, jus, parfait. Semua kata serapan → katakana!","1","public/js/places.js"
"f3d927ca.mp3","メモ","memo","catatan","1","public/js/data2.js"
"07d314e0.mp3","メロン","meron","melon","1","public/js/data2.js"
"78dc53c0.mp3","メロン ソーダ と ケーキ です ね。","meron sooda to keeki desu ne.","","1","public/js/data2.js"
"2d6fcf76.mp3","メロン ソーダ！","meron sooda!","","1","public/js/data2.js"
"a644c3f9.mp3","メロン も ある。","meron mo aru.","Ada melon juga.","1","public/js/relax.js"
"0ff0b270.mp3","メロンパン","meronpan","roti melon","1","public/js/extras.js"
"8724c6c5.mp3","も","mo","","1","public/js/data.js"
"67249465.mp3","モ","mo","","1","public/js/data2.js"
"b36a4fa2.mp3","もう おなか いっぱい です。","mou onaka ippai desu.","","1","public/js/data2.js"
"35b32431.mp3","もう おわりました！","mou owarimashita!","","1","public/js/data2.js"
"c3759bdf.mp3","もう ひとつ。","mou hitotsu.","Satu lagi.","1","public/js/relax.js"
"6f86c649.mp3","もじ の クイズ、だす よ！","moji no kuizu, dasu yo!","Aku kasih kuis huruf, ya!","1","public/js/data3.js"
"6817671a.mp3","もじ を べんきょう します！","moji o benkyou shimasu!","","1","public/js/data2.js"
"6330442c.mp3","もち","mochi","mochi","1","public/js/extras.js"
"318f6aac.mp3","モチ！よかった… ほんとう に ありがとう！","Mochi! yokatta… hontou ni arigatou!","Mochi! Syukurlah… Terima kasih banyak!","1","public/js/game.js"
"64eeb2c2.mp3","モチ。となり の ねこ よ。","Mochi. tonari no neko yo.","Mochi. Kucing tetangga.","1","src/story/scenes.ts"
"02d06ba0.mp3","もちろん","mochiron","Tentu saja","1","public/js/data2.js"
"5d184e22.mp3","もみじ","momiji","","1","public/js/places2.js"
"062fb1c5.mp3","もも","momo","buah persik","1","public/js/data.js"
"0e2fbe5d.mp3","もり","mori","","1","public/js/places.js"
"8124bd53.mp3","や","ya","","1","public/js/data.js"
"61248af3.mp3","ヤ","ya","","1","public/js/data2.js"
"663efa24.mp3","やきいも、どう？あつい よ！","yakiimo, dou? atsui yo!","Ubi bakar, mau? Masih panas!","1","public/js/data3.js"
"94794bf5.mp3","やきそばパン、ひとつ ください！","yakisoba pan, hitotsu kudasai!","","1","public/js/data3.js"
"1c16e077.mp3","やくそく だよ！","yakusoku da yo!","Janji, ya!","1","public/js/data2.js"
"ad626654.mp3","やった！","yatta!","","1","public/js/data2.js"
"af3f108e.mp3","やった！いただきます！","yatta! itadakimasu!","","1","public/js/data2.js"
"37a0cf28.mp3","やま は すずしい ね！","yama wa suzushii ne!","Di gunung sejuk, ya!","1","public/js/places2.js"
"8324c079.mp3","ゆ","yu","","1","public/js/data.js"
"63248e19.mp3","ユ","yu","","1","public/js/data2.js"
"39eabca9.mp3","ゆうひ が きれい だ ね。","yuuhi ga kirei da ne.","Matahari terbenamnya indah, ya.","1","public/js/data3.js"
"2419fa34.mp3","ゆかた、にあう？","yukata, niau?","Yukatanya cocok?","1","public/js/places2.js"
"a72621dc.mp3","ゆき","yuki","salju","1","public/js/data.js"
"6b275668.mp3","ゆめ","yume","Mimpi / cita-cita","1","public/js/data2.js"
"8d24d037.mp3","よ","yo","","1","public/js/data.js"
"6d249dd7.mp3","ヨ","yo","","1","public/js/data2.js"
"14c3b120.mp3","よい こと が あります ように。","yoi koto ga arimasu you ni.","Semoga hal baik datang. (kamu membayar 🌸10)","1","public/js/places2.js"
"fe0c42f1.mp3","ようかん","youkan","dodol kacang merah","1","public/js/places2.js"
"cedd1c7b.mp3","ようこそ おこしくださいました。","youkoso okoshi kudasaimashita.","Selamat datang di penginapan kami. (sangat sopan)","1","public/js/places2.js"
"b34abff1.mp3","ようこそ、おてら へ。","youkoso, otera e.","Selamat datang di kuil Buddha.","1","public/js/places2.js"
"911310c8.mp3","ようこそ。おちゃ を どうぞ。","youkoso. ocha wo douzo.","Selamat datang. Silakan minum teh.","1","public/js/places2.js"
"802a59a5.mp3","ヨーヨー","yooyoo","yoyo","1","public/js/data2.js"
"60b4cc48.mp3","よかった！また あした ね！","yokatta! mata ashita ne!","Syukurlah! Sampai besok, ya!","1","public/js/data.js"
"d12fa75a.mp3","よく おにあい です！","yoku oniai desu!","Cocok sekali untukmu!","1","public/js/places2.js"
"7df6353f.mp3","よく きた ね。","yoku kita ne.","Kamu sudah datang jauh-jauh, ya.","1","src/story/scenes.ts"
"307c61ee.mp3","よく できました。","yoku dekimashita.","Bagus sekali.","1","public/js/game.js"
"78da7e39.mp3","よく みて","yoku mite","Lihat baik-baik","1","public/js/data4.js"
"3d359bca.mp3","よし、がんばる！","yoshi, ganbaru!","Oke, aku akan berjuang!","1","public/js/data4.js"
"7342de16.mp3","よみたい！","yomitai!","","1","public/js/data2.js"
"ed0dc7f4.mp3","よる","yoru","malam","1","public/js/data.js"
"d705ff7e.mp3","よる です。","yoru desu.","Sekarang malam.","1","public/js/relax.js"
"65b6beeb.mp3","よろしく おねがいします","yoroshiku onegaishimasu","Mohon bantuannya / salam kenal","1","public/js/data.js"
"07e9c35e.mp3","よろしく おねがいします！","yoroshiku onegaishimasu!","Mohon bantuannya! (salam kenal)","1","public/js/data.js"
"0762f8cb.mp3","よろしく おねがいします。","yoroshiku onegaishimasu.","","1","public/js/data.js"
"8c24cea4.mp3","ら","ra","","1","public/js/data.js"
"6c249c44.mp3","ラ","ra","","1","public/js/data2.js"
"fb8b88c8.mp3","ラーメン","raamen","ramen","1","public/js/data2.js"
"6cec6b35.mp3","ラーメン と コーラ です ね。","raamen to koora desu ne.","","1","public/js/data2.js"
"95b22746.mp3","ラーメン は さいこう！","raamen wa saikou!","Ramen itu yang terbaik!","1","public/js/places.js"
"c58d916b.mp3","ラーメン！","raamen!","","1","public/js/data3.js"
"3be5a433.mp3","ラムネ","ramune","soda ramune","1","public/js/extras.js"
"8f24d35d.mp3","り","ri","","1","public/js/data.js"
"6f24a0fd.mp3","リ","ri","","1","public/js/data2.js"
"d295f815.mp3","りょうり！","ryouri!","","1","public/js/data2.js"
"8e24d1ca.mp3","る","ru","","1","public/js/data.js"
"6e249f6a.mp3","ル","ru","","1","public/js/data2.js"
"ad525655.mp3","ルンダン！","rundan!","","1","public/js/data2.js"
"8924c9eb.mp3","れ","re","","1","public/js/data.js"
"6924978b.mp3","レ","re","","1","public/js/data2.js"
"d11dc57a.mp3","れいぞうこ","reizouko","Kulkas. Ada ミルク dan プリン di dalamnya.","1","public/js/game.js"
"b7b33549.mp3","レジ","reji","Kasir","1","public/js/data4.js"
"c726a434.mp3","レジ を てつだう よ！","reji o tetsudau yo!","","1","public/js/data4.js"
"5dd38470.mp3","レシート","","","1","public/js/konbini.js"
"07f86380.mp3","レジよこ","","Jajanan panas di samping kasir","1","public/js/konbini.js"
"89b38d4e.mp3","レストラン","resutoran","restoran","1","public/js/data2.js"
"e9eeefa8.mp3","レモン","remon","lemon","1","public/js/data2.js"
"adb37a89.mp3","レモン の アイス も。","remon no aisu mo.","Es krim lemon juga.","1","public/js/relax.js"
"1eadc0f0.mp3","レンジ","","","1","public/js/konbini.js"
"5a4aa221.mp3","れんしゅう で つくった の。たべて みて。","renshuu de tsukutta no. tabete mite.","Aku buat untuk latihan. Coba, ya.","1","public/js/data2.js"
"8824c858.mp3","ろ","ro","","1","public/js/data.js"
"682495f8.mp3","ロ","ro","","1","public/js/data2.js"
"277b208c.mp3","ろく・なな・はち・きゅう・じゅう","roku, nana, hachi, kyuu, juu","6, 7, 8, 9, 10","1","public/js/data4.js"
"0c013d0c.mp3","ろせんず","rosenzu","Peta jalur kereta dari Stasiun Sakura:","1","public/js/places2.js"
"8a24cb7e.mp3","わ","wa","","1","public/js/data.js"
"6a24991e.mp3","ワ","wa","","1","public/js/data2.js"
"045181b0.mp3","わあ、おいしそう！","waa, oishisou!","Wah, kelihatannya enak!","1","public/js/data.js"
"60462d07.mp3","ワイン","wain","anggur (minuman)","1","public/js/data2.js"
"7e9a5420.mp3","わかった！","wakatta!","Mengerti!","1","public/js/online.js"
"ae6cdbc6.mp3","わからない…","wakaranai…","Tidak mengerti…","1","public/js/online.js"
"9285dfb2.mp3","わからない。","wakaranai.","","1","public/js/data4.js"
"13935911.mp3","わかりません","wakarimasen","Saya tidak mengerti","1","public/js/data.js"
"629fcf51.mp3","ワクワク","wakuwaku","Berdebar senang","1","public/js/data2.js"
"3797a3ba.mp3","ワクワク する！","wakuwaku suru!","","1","public/js/data2.js"
"f58260fc.mp3","わすれた","wasureta","Lupa (membawa)","1","public/js/data2.js"
"d6336e2c.mp3","わたし","watashi","saya","1","public/js/data.js"
"411859da.mp3","わたし の ノート、つかって！","watashi no nooto, tsukatte!","","1","public/js/data2.js"
"c15b4996.mp3","わたし は ケーキ を やきます！","watashi wa keeki o yakimasu!","Aku akan memanggang kue!","1","public/js/data4.js"
"f676a9e7.mp3","わたし、いつか インドネシア に いきたい な。","watashi, itsuka indoneshia ni ikitai na.","Suatu hari aku ingin ke Indonesia.","1","public/js/data2.js"
"17cc111a.mp3","わたし、ほんとう に せんせい に なった の よ。","watashi, hontou ni sensei ni natta no yo.","Aku benar-benar jadi guru, lho.","1","src/story/scenes3.ts"
"c176e0c7.mp3","わたし… カフェ を つづけたい！","watashi… kafe o tsuzuketai!","Aku… ingin kafe ini terus ada!","1","src/story/scenes3.ts"
"c0dadb5c.mp3","わたしは すしが すき！","watashi wa sushi ga suki!","Aku suka sushi!","1","public/js/data.js"
"6f77820f.mp3","わたしは ゆき。よろしくね！","watashi wa Yuki. yoroshiku ne!","Aku Yuki. Salam kenal, ya!","1","public/js/data.js"
"7724ad95.mp3","ヲ","wo","","1","public/js/data2.js"
"f7ace28b.mp3","を する","~o suru","Melakukan …","1","public/js/data2.js"
"9624de62.mp3","ん","n","","1","public/js/data.js"
"7624ac02.mp3","ン","n","","1","public/js/data2.js"
"f3627ea1.mp3","一つ","hitotsu","satu (buah)","1","public/js/data4.js"
"bd4112c0.mp3","三つ","mittsu","tiga (buah)","1","public/js/data4.js"
"d22e121d.mp3","二つ","futatsu","dua (buah)","1","public/js/data4.js"